run,node,prob_ppm,attack,call_delta,flip_delta,cat_rc,hash_match,outcome,dmesg_uncorrectable,dmesg_eio,bits_diff,n_ranges,ranges_bytes,target_ranges,verify_verdict,verify_files_changed,bb_verdict,bb_verdict_detail
run2,beamfs-master,1000,run,0,0,0,1,not_exercised,0,0,0,0,0,,VERIFIED,0,NOT_EXERCISED,NOT_EXERCISED
run2,beamfs-compute01,1000,run,0,0,0,1,not_exercised,0,0,0,0,0,,VERIFIED,0,NOT_EXERCISED,NOT_EXERCISED
run2,beamfs-compute02,1000,run,0,0,0,1,not_exercised,0,0,0,0,0,,VERIFIED,0,NOT_EXERCISED,NOT_EXERCISED
run2,beamfs-compute03,1000,run,0,0,0,1,not_exercised,0,0,0,0,0,,VERIFIED,0,NOT_EXERCISED,NOT_EXERCISED
run2,beamfs-master,100000,run,0,0,0,1,not_exercised,0,0,0,0,0,,VERIFIED,0,NOT_EXERCISED,NOT_EXERCISED
run2,beamfs-compute01,100000,run,0,0,0,1,not_exercised,0,0,0,0,0,,VERIFIED,0,NOT_EXERCISED,NOT_EXERCISED
run2,beamfs-compute02,100000,run,0,0,0,1,not_exercised,0,0,0,0,0,,VERIFIED,0,NOT_EXERCISED,NOT_EXERCISED
run2,beamfs-compute03,100000,run,0,0,0,1,not_exercised,0,0,0,0,0,,VERIFIED,0,NOT_EXERCISED,NOT_EXERCISED
run2,beamfs-master,1000000,run,0,0,0,1,not_exercised,0,0,0,0,0,,VERIFIED,0,NOT_EXERCISED,NOT_EXERCISED
run2,beamfs-compute01,1000000,run,0,0,0,1,not_exercised,0,0,0,0,0,,VERIFIED,0,NOT_EXERCISED,NOT_EXERCISED
run2,beamfs-compute02,1000000,run,0,0,0,1,not_exercised,0,0,0,0,0,,VERIFIED,0,NOT_EXERCISED,NOT_EXERCISED
run2,beamfs-compute03,1000000,run,0,0,0,1,not_exercised,0,0,0,0,0,,VERIFIED,0,NOT_EXERCISED,NOT_EXERCISED
run3,beamfs-master,1000,run,265,1,0,1,intact,0,0,0,69,965,"144112:144120,144120:144128,144128:144136,144136:144144,144144:144152,144152:144160,144160:144168,144168:144176,144176:144184,144184:144192,144192:144200,144200:144208,144216:144224,144224:144232,144232:144240,144240:144248,144248:144256,144256:144264,144264:144272,144272:144280,144280:144288,144288:144296,144296:144304,144304:144312,144312:144320,144320:144328,144328:144336,144336:144344,144344:144352,144352:144360,144360:144368,144368:144376,144376:144384,144384:144392,144392:144400,144400:144408,144408:144416,144416:144424,144424:144432,144432:144440,144440:144448,144448:144456,144456:144464,144464:144472,144472:144480,144480:144488,144488:144496,144496:144504,144504:144512,144512:144520,144520:144528,144528:144536,144536:144544,144544:144552,144552:144560,144560:144568,144568:144576,144576:144584,144584:144592,144592:144600,144600:144608,144608:144616,144616:144624,144624:144632,144632:144640,144640:144648,144648:144656,144656:144664,144664:144672",VERIFIED,0,RS_RECOVERED,RS_RECOVERED
run3,beamfs-compute01,1000,run,0,0,0,1,not_exercised,0,0,0,69,965,"144112:144120,144120:144128,144128:144136,144136:144144,144144:144152,144152:144160,144160:144168,144168:144176,144176:144184,144184:144192,144192:144200,144200:144208,144216:144224,144224:144232,144232:144240,144240:144248,144248:144256,144256:144264,144264:144272,144272:144280,144280:144288,144288:144296,144296:144304,144304:144312,144312:144320,144320:144328,144328:144336,144336:144344,144344:144352,144352:144360,144360:144368,144368:144376,144376:144384,144384:144392,144392:144400,144400:144408,144408:144416,144416:144424,144424:144432,144432:144440,144440:144448,144448:144456,144456:144464,144464:144472,144472:144480,144480:144488,144488:144496,144496:144504,144504:144512,144512:144520,144520:144528,144528:144536,144536:144544,144544:144552,144552:144560,144560:144568,144568:144576,144576:144584,144584:144592,144592:144600,144600:144608,144608:144616,144616:144624,144624:144632,144632:144640,144640:144648,144648:144656,144656:144664,144664:144672",VERIFIED,0,NOT_EXERCISED,NOT_EXERCISED
run3,beamfs-compute02,1000,run,265,1,0,1,intact,0,0,0,69,965,"144112:144120,144120:144128,144128:144136,144136:144144,144144:144152,144152:144160,144160:144168,144168:144176,144176:144184,144184:144192,144192:144200,144200:144208,144216:144224,144224:144232,144232:144240,144240:144248,144248:144256,144256:144264,144264:144272,144272:144280,144280:144288,144288:144296,144296:144304,144304:144312,144312:144320,144320:144328,144328:144336,144336:144344,144344:144352,144352:144360,144360:144368,144368:144376,144376:144384,144384:144392,144392:144400,144400:144408,144408:144416,144416:144424,144424:144432,144432:144440,144440:144448,144448:144456,144456:144464,144464:144472,144472:144480,144480:144488,144488:144496,144496:144504,144504:144512,144512:144520,144520:144528,144528:144536,144536:144544,144544:144552,144552:144560,144560:144568,144568:144576,144576:144584,144584:144592,144592:144600,144600:144608,144608:144616,144616:144624,144624:144632,144632:144640,144640:144648,144648:144656,144656:144664,144664:144672",VERIFIED,0,RS_RECOVERED,RS_RECOVERED
run3,beamfs-compute03,1000,run,265,0,0,1,no_flip,0,0,0,69,965,"144112:144120,144120:144128,144128:144136,144136:144144,144144:144152,144152:144160,144160:144168,144168:144176,144176:144184,144184:144192,144192:144200,144200:144208,144216:144224,144224:144232,144232:144240,144240:144248,144248:144256,144256:144264,144264:144272,144272:144280,144280:144288,144288:144296,144296:144304,144304:144312,144312:144320,144320:144328,144328:144336,144336:144344,144344:144352,144352:144360,144360:144368,144368:144376,144376:144384,144384:144392,144392:144400,144400:144408,144408:144416,144416:144424,144424:144432,144432:144440,144440:144448,144448:144456,144456:144464,144464:144472,144472:144480,144480:144488,144488:144496,144496:144504,144504:144512,144512:144520,144520:144528,144528:144536,144536:144544,144544:144552,144552:144560,144560:144568,144568:144576,144576:144584,144584:144592,144592:144600,144600:144608,144608:144616,144616:144624,144624:144632,144632:144640,144640:144648,144648:144656,144656:144664,144664:144672",VERIFIED,0,RS_PASSTHROUGH,RS_PASSTHROUGH
run3,beamfs-master,100000,run,265,29,0,1,intact,0,0,0,69,965,"144112:144120,144120:144128,144128:144136,144136:144144,144144:144152,144152:144160,144160:144168,144168:144176,144176:144184,144184:144192,144192:144200,144200:144208,144216:144224,144224:144232,144232:144240,144240:144248,144248:144256,144256:144264,144264:144272,144272:144280,144280:144288,144288:144296,144296:144304,144304:144312,144312:144320,144320:144328,144328:144336,144336:144344,144344:144352,144352:144360,144360:144368,144368:144376,144376:144384,144384:144392,144392:144400,144400:144408,144408:144416,144416:144424,144424:144432,144432:144440,144440:144448,144448:144456,144456:144464,144464:144472,144472:144480,144480:144488,144488:144496,144496:144504,144504:144512,144512:144520,144520:144528,144528:144536,144536:144544,144544:144552,144552:144560,144560:144568,144568:144576,144576:144584,144584:144592,144592:144600,144600:144608,144608:144616,144616:144624,144624:144632,144632:144640,144640:144648,144648:144656,144656:144664,144664:144672",VERIFIED,0,RS_RECOVERED,RS_RECOVERED
run3,beamfs-compute01,100000,run,0,0,0,1,not_exercised,0,0,0,69,965,"144112:144120,144120:144128,144128:144136,144136:144144,144144:144152,144152:144160,144160:144168,144168:144176,144176:144184,144184:144192,144192:144200,144200:144208,144216:144224,144224:144232,144232:144240,144240:144248,144248:144256,144256:144264,144264:144272,144272:144280,144280:144288,144288:144296,144296:144304,144304:144312,144312:144320,144320:144328,144328:144336,144336:144344,144344:144352,144352:144360,144360:144368,144368:144376,144376:144384,144384:144392,144392:144400,144400:144408,144408:144416,144416:144424,144424:144432,144432:144440,144440:144448,144448:144456,144456:144464,144464:144472,144472:144480,144480:144488,144488:144496,144496:144504,144504:144512,144512:144520,144520:144528,144528:144536,144536:144544,144544:144552,144552:144560,144560:144568,144568:144576,144576:144584,144584:144592,144592:144600,144600:144608,144608:144616,144616:144624,144624:144632,144632:144640,144640:144648,144648:144656,144656:144664,144664:144672",VERIFIED,0,NOT_EXERCISED,NOT_EXERCISED
run3,beamfs-compute02,100000,run,265,29,0,1,intact,0,0,0,69,965,"144112:144120,144120:144128,144128:144136,144136:144144,144144:144152,144152:144160,144160:144168,144168:144176,144176:144184,144184:144192,144192:144200,144200:144208,144216:144224,144224:144232,144232:144240,144240:144248,144248:144256,144256:144264,144264:144272,144272:144280,144280:144288,144288:144296,144296:144304,144304:144312,144312:144320,144320:144328,144328:144336,144336:144344,144344:144352,144352:144360,144360:144368,144368:144376,144376:144384,144384:144392,144392:144400,144400:144408,144408:144416,144416:144424,144424:144432,144432:144440,144440:144448,144448:144456,144456:144464,144464:144472,144472:144480,144480:144488,144488:144496,144496:144504,144504:144512,144512:144520,144520:144528,144528:144536,144536:144544,144544:144552,144552:144560,144560:144568,144568:144576,144576:144584,144584:144592,144592:144600,144600:144608,144608:144616,144616:144624,144624:144632,144632:144640,144640:144648,144648:144656,144656:144664,144664:144672",VERIFIED,0,RS_RECOVERED,RS_RECOVERED
run3,beamfs-compute03,100000,run,265,27,0,1,intact,0,0,0,69,965,"144112:144120,144120:144128,144128:144136,144136:144144,144144:144152,144152:144160,144160:144168,144168:144176,144176:144184,144184:144192,144192:144200,144200:144208,144216:144224,144224:144232,144232:144240,144240:144248,144248:144256,144256:144264,144264:144272,144272:144280,144280:144288,144288:144296,144296:144304,144304:144312,144312:144320,144320:144328,144328:144336,144336:144344,144344:144352,144352:144360,144360:144368,144368:144376,144376:144384,144384:144392,144392:144400,144400:144408,144408:144416,144416:144424,144424:144432,144432:144440,144440:144448,144448:144456,144456:144464,144464:144472,144472:144480,144480:144488,144488:144496,144496:144504,144504:144512,144512:144520,144520:144528,144528:144536,144536:144544,144544:144552,144552:144560,144560:144568,144568:144576,144576:144584,144584:144592,144592:144600,144600:144608,144608:144616,144616:144624,144624:144632,144632:144640,144640:144648,144648:144656,144656:144664,144664:144672",VERIFIED,0,RS_RECOVERED,RS_RECOVERED
run3,beamfs-master,1000000,run,263,263,1,0,read_refused,4,0,0,69,965,"144112:144120,144120:144128,144128:144136,144136:144144,144144:144152,144152:144160,144160:144168,144168:144176,144176:144184,144184:144192,144192:144200,144200:144208,144216:144224,144224:144232,144232:144240,144240:144248,144248:144256,144256:144264,144264:144272,144272:144280,144280:144288,144288:144296,144296:144304,144304:144312,144312:144320,144320:144328,144328:144336,144336:144344,144344:144352,144352:144360,144360:144368,144368:144376,144376:144384,144384:144392,144392:144400,144400:144408,144408:144416,144416:144424,144424:144432,144432:144440,144440:144448,144448:144456,144456:144464,144464:144472,144472:144480,144480:144488,144488:144496,144496:144504,144504:144512,144512:144520,144520:144528,144528:144536,144536:144544,144544:144552,144552:144560,144560:144568,144568:144576,144576:144584,144584:144592,144592:144600,144600:144608,144608:144616,144616:144624,144624:144632,144632:144640,144640:144648,144648:144656,144656:144664,144664:144672",VERIFIED,0,RS_FAIL_CLOSED,DETECTED_FAIL_CLOSED
run3,beamfs-compute01,1000000,run,0,0,0,1,not_exercised,0,0,0,69,965,"144112:144120,144120:144128,144128:144136,144136:144144,144144:144152,144152:144160,144160:144168,144168:144176,144176:144184,144184:144192,144192:144200,144200:144208,144216:144224,144224:144232,144232:144240,144240:144248,144248:144256,144256:144264,144264:144272,144272:144280,144280:144288,144288:144296,144296:144304,144304:144312,144312:144320,144320:144328,144328:144336,144336:144344,144344:144352,144352:144360,144360:144368,144368:144376,144376:144384,144384:144392,144392:144400,144400:144408,144408:144416,144416:144424,144424:144432,144432:144440,144440:144448,144448:144456,144456:144464,144464:144472,144472:144480,144480:144488,144488:144496,144496:144504,144504:144512,144512:144520,144520:144528,144528:144536,144536:144544,144544:144552,144552:144560,144560:144568,144568:144576,144576:144584,144584:144592,144592:144600,144600:144608,144608:144616,144616:144624,144624:144632,144632:144640,144640:144648,144648:144656,144656:144664,144664:144672",VERIFIED,0,NOT_EXERCISED,NOT_EXERCISED
run3,beamfs-compute02,1000000,run,265,265,0,1,intact,0,0,0,69,965,"144112:144120,144120:144128,144128:144136,144136:144144,144144:144152,144152:144160,144160:144168,144168:144176,144176:144184,144184:144192,144192:144200,144200:144208,144216:144224,144224:144232,144232:144240,144240:144248,144248:144256,144256:144264,144264:144272,144272:144280,144280:144288,144288:144296,144296:144304,144304:144312,144312:144320,144320:144328,144328:144336,144336:144344,144344:144352,144352:144360,144360:144368,144368:144376,144376:144384,144384:144392,144392:144400,144400:144408,144408:144416,144416:144424,144424:144432,144432:144440,144440:144448,144448:144456,144456:144464,144464:144472,144472:144480,144480:144488,144488:144496,144496:144504,144504:144512,144512:144520,144520:144528,144528:144536,144536:144544,144544:144552,144552:144560,144560:144568,144568:144576,144576:144584,144584:144592,144592:144600,144600:144608,144608:144616,144616:144624,144624:144632,144632:144640,144640:144648,144648:144656,144656:144664,144664:144672",VERIFIED,0,RS_RECOVERED,RS_RECOVERED
run3,beamfs-compute03,1000000,run,265,265,0,1,intact,0,0,0,69,965,"144112:144120,144120:144128,144128:144136,144136:144144,144144:144152,144152:144160,144160:144168,144168:144176,144176:144184,144184:144192,144192:144200,144200:144208,144216:144224,144224:144232,144232:144240,144240:144248,144248:144256,144256:144264,144264:144272,144272:144280,144280:144288,144288:144296,144296:144304,144304:144312,144312:144320,144320:144328,144328:144336,144336:144344,144344:144352,144352:144360,144360:144368,144368:144376,144376:144384,144384:144392,144392:144400,144400:144408,144408:144416,144416:144424,144424:144432,144432:144440,144440:144448,144448:144456,144456:144464,144464:144472,144472:144480,144480:144488,144488:144496,144496:144504,144504:144512,144512:144520,144520:144528,144528:144536,144536:144544,144544:144552,144552:144560,144560:144568,144568:144576,144576:144584,144584:144592,144592:144600,144600:144608,144608:144616,144616:144624,144624:144632,144632:144640,144640:144648,144648:144656,144656:144664,144664:144672",VERIFIED,0,RS_RECOVERED,RS_RECOVERED
run4,beamfs-master,1000,run,262,0,0,1,no_flip,0,0,0,2,27,"144112:144208,144216:144672",VERIFIED,0,RS_PASSTHROUGH,RS_PASSTHROUGH
run4,beamfs-compute01,1000,run,262,0,0,1,no_flip,0,0,0,2,27,"144112:144208,144216:144672",VERIFIED,0,RS_PASSTHROUGH,RS_PASSTHROUGH
run4,beamfs-compute02,1000,run,262,1,0,1,intact,0,0,0,2,27,"144112:144208,144216:144672",VERIFIED,0,RS_RECOVERED,RS_RECOVERED
run4,beamfs-compute03,1000,run,262,0,0,1,no_flip,0,0,0,2,27,"144112:144208,144216:144672",VERIFIED,0,RS_PASSTHROUGH,RS_PASSTHROUGH
run4,beamfs-master,100000,run,262,19,0,1,intact,0,0,0,2,27,"144112:144208,144216:144672",VERIFIED,0,RS_RECOVERED,RS_RECOVERED
run4,beamfs-compute01,100000,run,262,21,0,1,intact,0,0,0,2,27,"144112:144208,144216:144672",VERIFIED,0,RS_RECOVERED,RS_RECOVERED
run4,beamfs-compute02,100000,run,262,28,0,1,intact,0,0,0,2,27,"144112:144208,144216:144672",VERIFIED,0,RS_RECOVERED,RS_RECOVERED
run4,beamfs-compute03,100000,run,262,31,0,1,intact,0,0,0,2,27,"144112:144208,144216:144672",VERIFIED,0,RS_RECOVERED,RS_RECOVERED
run4,beamfs-master,1000000,run,262,262,0,1,intact,0,0,0,2,27,"144112:144208,144216:144672",VERIFIED,0,RS_RECOVERED,RS_RECOVERED
run4,beamfs-compute01,1000000,run,262,262,0,1,intact,0,0,0,2,27,"144112:144208,144216:144672",VERIFIED,0,RS_RECOVERED,RS_RECOVERED
run4,beamfs-compute02,1000000,run,262,262,0,1,intact,0,0,0,2,27,"144112:144208,144216:144672",VERIFIED,0,RS_RECOVERED,RS_RECOVERED
run4,beamfs-compute03,1000000,run,262,262,0,1,intact,0,0,0,2,27,"144112:144208,144216:144672",VERIFIED,0,RS_RECOVERED,RS_RECOVERED
