run,prob_ppm,seq,ktime_ns,dt_prev_ns,sector,bio_op,byte_offset,bit,rec_block,off,hook,true_block,kind,iblock,codeword,symbol,indirect_slot,indirect_slot_used
run2,100000,0,1791226061807820864,,2053032,0,2701,3,256629,2701,ambiguous,,ambiguous,,,,,
run2,100000,1,1791226061824957104,17136240,2053056,0,1564,3,256632,1564,ambiguous,,ambiguous,,,,,
run2,100000,2,1791226061829154592,4197488,2053064,0,2504,7,256633,2504,ambiguous,,ambiguous,,,,,
run2,100000,3,1791226061847498000,18343408,2053096,0,866,1,256637,866,ambiguous,,ambiguous,,,,,
run2,100000,4,1791226061864384784,16886784,2053120,0,2640,4,256640,2640,ambiguous,,ambiguous,,,,,
run2,100000,5,1791226061885230624,20845840,2053168,0,4006,7,256646,4006,ambiguous,,ambiguous,,,,,
run2,100000,6,1791226061893109536,7878912,2053184,0,1883,4,256648,1883,ambiguous,,ambiguous,,,,,
run2,100000,7,1791226061901007376,7897840,2053200,0,1405,7,256650,1405,ambiguous,,ambiguous,,,,,
run2,100000,8,1791226061910739136,9731760,2053208,0,296,3,256651,296,rq,256651,coded,26,8,18,,
run2,100000,9,1791226061910777120,37984,2053200,0,533,6,256650,533,endio,256651,coded,26,5,33,,
run2,100000,10,1791226061922660224,11883104,2053232,0,3839,3,256654,3839,ambiguous,,ambiguous,,,,,
run2,100000,11,1791226061997068560,74408336,2053328,0,3599,7,256666,3599,ambiguous,,ambiguous,,,,,
run2,100000,12,1791226061999387984,2319424,2053336,0,3265,2,256667,3265,rq,256667,coded,42,1,204,,
run2,100000,13,1791226061999425040,37056,2053328,0,2135,1,256666,2135,endio,256667,coded,42,7,133,,
run2,100000,14,1791226062031411712,31986672,2053392,0,3969,1,256674,3969,ambiguous,,ambiguous,,,,,
run2,100000,15,1791226062033949072,2537360,2053400,0,2804,6,256675,2804,ambiguous,,ambiguous,,,,,
run2,100000,16,1791226062043800000,9850928,2053416,0,3257,5,256677,3257,ambiguous,,ambiguous,,,,,
run2,100000,17,1791226062046332720,2532720,2053416,0,3191,3,256677,3191,ambiguous,,ambiguous,,,,,
run2,100000,18,1791226062054844192,8511472,2053432,0,3383,5,256679,3383,ambiguous,,ambiguous,,,,,
run2,100000,19,1791226062057106224,2262032,2053432,0,1164,1,256679,1164,ambiguous,,ambiguous,,,,,
run2,1000000,20,1791226122676949504,,2052992,0,943,2,256624,943,rq_alone,256624,coded,0,15,58,,
run2,1000000,21,1791226122679456592,2507088,2053000,0,304,1,256625,304,rq,256625,coded,1,0,19,,
run2,1000000,22,1791226122679492896,36304,2052992,0,2462,5,256624,2462,endio,256625,coded,1,14,153,,
run2,1000000,23,1791226122682341920,2849024,2053000,0,3085,3,256625,3085,rq,256625,coded,1,13,192,,
run2,1000000,24,1791226122682377488,35568,2052992,0,3023,3,256624,3023,endio,256625,coded,1,15,188,,
run2,1000000,25,1791226122684773648,2396160,2053008,0,1252,4,256626,1252,rq,256626,coded,2,4,78,,
run2,1000000,26,1791226122684811440,37792,2053000,0,2300,0,256625,2300,endio,256626,coded,2,12,143,,
run2,1000000,27,1791226122687532784,2721344,2053008,0,138,7,256626,138,rq,256626,coded,2,10,8,,
run2,1000000,28,1791226122687568832,36048,2053000,0,862,5,256625,862,endio,256626,coded,2,14,53,,
run2,1000000,29,1791226122692166944,4598112,2053016,0,3386,1,256627,3386,rq,256627,coded,3,10,211,,
run2,1000000,30,1791226122692203056,36112,2053008,0,4035,6,256626,4035,endio,256627,parity,3,13,242,,
run2,1000000,31,1791226122694975216,2772160,2053016,0,2922,0,256627,2922,rq,256627,coded,3,10,182,,
run2,1000000,32,1791226122695009520,34304,2053008,0,3695,0,256626,3695,endio,256627,coded,3,15,230,,
run2,1000000,33,1791226122697636240,2626720,2053024,0,3919,7,256628,3919,rq,256628,parity,4,5,254,,
run2,1000000,34,1791226122697675792,39552,2053016,0,1881,5,256627,1881,endio,256628,coded,4,9,117,,
run2,1000000,35,1791226122701153488,3477696,2053024,0,3121,5,256628,3121,rq,256628,coded,4,1,195,,
run2,1000000,36,1791226122701191008,37520,2053016,0,3714,5,256627,3714,endio,256628,coded,4,2,232,,
run2,1000000,37,1791226122703720384,2529376,2053032,0,465,7,256629,465,rq,256629,coded,5,1,29,,
run2,1000000,38,1791226122703754368,33984,2053024,0,1010,1,256628,1010,endio,256629,coded,5,2,63,,
run2,1000000,39,1791226122706557856,2803488,2053032,0,1347,6,256629,1347,rq,256629,coded,5,3,84,,
run2,1000000,40,1791226122706591472,33616,2053024,0,88,2,256628,88,endio,256629,coded,5,8,5,,
run2,1000000,41,1791226122709175056,2583584,2053040,0,1432,0,256630,1432,rq,256630,coded,6,8,89,,
run2,1000000,42,1791226122709215600,40544,2053032,0,3524,0,256629,3524,endio,256630,coded,6,4,220,,
run2,1000000,43,1791226122713089152,3873552,2053040,0,395,1,256630,395,rq,256630,coded,6,11,24,,
run2,1000000,44,1791226122713124208,35056,2053032,0,3192,5,256629,3192,endio,256630,coded,6,8,199,,
run2,1000000,45,1791226122715765424,2641216,2053048,0,1538,6,256631,1538,rq,256631,coded,7,2,96,,
run2,1000000,46,1791226122715800256,34832,2053040,0,3973,7,256630,3973,endio,256631,parity,7,9,244,,
run2,1000000,47,1791226122719926224,4125968,2053048,0,96,3,256631,96,rq,256631,coded,7,0,6,,
run2,1000000,48,1791226122719996592,70368,2053040,0,92,5,256630,92,endio,256631,coded,7,12,5,,
run2,1000000,49,1791226122725062048,5065456,2053056,0,123,0,256632,123,rq,256632,coded,8,11,7,,
run2,1000000,50,1791226122725156176,94128,2053048,0,3607,6,256631,3607,endio,256632,coded,8,7,225,,
run2,1000000,51,1791226122730589168,5432992,2053056,0,2273,7,256632,2273,rq,256632,coded,8,1,142,,
run2,1000000,52,1791226122730632272,43104,2053048,0,3577,5,256631,3577,endio,256632,coded,8,9,223,,
run2,1000000,53,1791226122735687344,5055072,2053064,0,2991,1,256633,2991,rq,256633,coded,9,15,186,,
run2,1000000,54,1791226122735758960,71616,2053056,0,3449,1,256632,3449,endio,256633,coded,9,9,215,,
run2,1000000,55,1791226122739479008,3720048,2053064,0,319,0,256633,319,rq,256633,coded,9,15,19,,
run2,1000000,56,1791226122739520000,40992,2053056,0,3616,6,256632,3616,endio,256633,coded,9,0,226,,
run2,1000000,57,1791226122743106704,3586704,2053072,0,1440,1,256634,1440,rq,256634,coded,10,0,90,,
run2,1000000,58,1791226122743177008,70304,2053064,0,3897,5,256633,3897,endio,256634,parity,10,4,248,,
run2,1000000,59,1791226122746844896,3667888,2053072,0,1271,0,256634,1271,rq,256634,coded,10,7,79,,
run2,1000000,60,1791226122746888672,43776,2053064,0,1426,6,256633,1426,endio,256634,coded,10,2,89,,
run2,1000000,61,1791226122749876160,2987488,2053080,0,3316,0,256635,3316,rq,256635,coded,11,4,207,,
run2,1000000,62,1791226122749914304,38144,2053072,0,3159,0,256634,3159,endio,256635,coded,11,7,197,,
run2,1000000,63,1791226122753612432,3698128,2053080,0,2551,1,256635,2551,rq,256635,coded,11,7,159,,
run2,1000000,64,1791226122753675488,63056,2053072,0,287,5,256634,287,endio,256635,coded,11,15,17,,
run2,1000000,65,1791226122757852336,4176848,2053088,0,3913,5,256636,3913,rq,256636,indirect,,,,489,0
run2,1000000,66,1791226122757891968,39632,2053080,0,2845,2,256635,2845,endio,256636,indirect,,,,355,0
run2,1000000,67,1791226122764035456,6143488,2053096,0,2363,3,256637,2363,rq,256637,coded,12,11,147,,
run2,1000000,68,1791226122764091328,55872,2053088,0,1887,3,256636,1887,endio,256637,coded,12,15,117,,
run2,1000000,69,1791226122767660800,3569472,2053096,0,2146,7,256637,2146,rq,256637,coded,12,2,134,,
run2,1000000,70,1791226122767696944,36144,2053088,0,1643,0,256636,1643,endio,256637,coded,12,11,102,,
run2,1000000,71,1791226122770894496,3197552,2053104,0,502,6,256638,502,rq,256638,coded,13,6,31,,
run2,1000000,72,1791226122770932480,37984,2053096,0,3755,6,256637,3755,endio,256638,coded,13,11,234,,
run2,1000000,73,1791226122774392048,3459568,2053104,0,131,2,256638,131,rq,256638,coded,13,3,8,,
run2,1000000,74,1791226122774427248,35200,2053096,0,3046,1,256637,3046,endio,256638,coded,13,6,190,,
run2,1000000,75,1791226122777212064,2784816,2053112,0,853,0,256639,853,rq,256639,coded,14,5,53,,
run2,1000000,76,1791226122777246656,34592,2053104,0,953,0,256638,953,endio,256639,coded,14,9,59,,
run2,1000000,77,1791226122780152544,2905888,2053120,0,1972,1,256640,1972,rq,256640,coded,15,4,123,,
run2,1000000,78,1791226122780188000,35456,2053112,0,3831,2,256639,3831,endio,256640,parity,15,0,246,,
run2,1000000,79,1791226122783475760,3287760,2053120,0,1800,0,256640,1800,rq,256640,coded,15,8,112,,
run2,1000000,80,1791226122783511200,35440,2053112,0,99,0,256639,99,endio,256640,coded,15,3,6,,
run2,1000000,81,1791226122786540576,3029376,2053128,0,2146,3,256641,2146,rq,256641,coded,16,2,134,,
run2,1000000,82,1791226122786574896,34320,2053120,0,314,2,256640,314,endio,256641,coded,16,10,19,,
run2,1000000,83,1791226122789305744,2730848,2053128,0,2118,1,256641,2118,rq,256641,coded,16,6,132,,
run2,1000000,84,1791226122789340240,34496,2053120,0,4029,2,256640,4029,endio,256641,parity,16,12,252,,
run2,1000000,85,1791226122793601456,4261216,2053136,0,221,4,256642,221,rq,256642,coded,17,13,13,,
run2,1000000,86,1791226122793653328,51872,2053128,0,2154,7,256641,2154,endio,256642,coded,17,10,134,,
run2,1000000,87,1791226122797396160,3742832,2053136,0,3100,7,256642,3100,rq,256642,coded,17,12,193,,
run2,1000000,88,1791226122797432736,36576,2053128,0,2666,0,256641,2666,endio,256642,coded,17,10,166,,
run2,1000000,89,1791226122800225552,2792816,2053144,0,2019,2,256643,2019,rq,256643,coded,18,3,126,,
run2,1000000,90,1791226122800263344,37792,2053136,0,3145,7,256642,3145,endio,256643,coded,18,9,196,,
run2,1000000,91,1791226122803672400,3409056,2053144,0,2798,6,256643,2798,rq,256643,coded,18,14,174,,
run2,1000000,92,1791226122803706928,34528,2053136,0,3663,0,256642,3663,endio,256643,coded,18,15,228,,
run2,1000000,93,1791226122806800848,3093920,2053152,0,3646,3,256644,3646,rq,256644,coded,19,14,227,,
run2,1000000,94,1791226122806834480,33632,2053144,0,3157,0,256643,3157,endio,256644,coded,19,5,197,,
run2,1000000,95,1791226122809812576,2978096,2053152,0,4093,6,256644,4093,rq,256644,tail,19,,,,
run2,1000000,96,1791226122809848080,35504,2053144,0,1839,0,256643,1839,endio,256644,coded,19,15,114,,
run2,1000000,97,1791226122812149808,2301728,2053160,0,788,4,256645,788,rq,256645,coded,20,4,49,,
run2,1000000,98,1791226122812185008,35200,2053152,0,2857,5,256644,2857,endio,256645,coded,20,9,178,,
run2,1000000,99,1791226122815154080,2969072,2053160,0,882,2,256645,882,rq,256645,coded,20,2,55,,
run2,1000000,100,1791226122815190880,36800,2053152,0,1461,2,256644,1461,endio,256645,coded,20,5,91,,
run2,1000000,101,1791226122818216176,3025296,2053168,0,189,0,256646,189,rq,256646,coded,21,13,11,,
run2,1000000,102,1791226122818250320,34144,2053160,0,3475,2,256645,3475,endio,256646,coded,21,3,217,,
run2,1000000,103,1791226122821236560,2986240,2053168,0,1549,5,256646,1549,rq,256646,coded,21,13,96,,
run2,1000000,104,1791226122821274608,38048,2053160,0,759,3,256645,759,endio,256646,coded,21,7,47,,
run2,1000000,105,1791226122826969392,5694784,2053176,0,3416,4,256647,3416,rq,256647,coded,22,8,213,,
run2,1000000,106,1791226122827008912,39520,2053168,0,1619,2,256646,1619,endio,256647,coded,22,3,101,,
run2,1000000,107,1791226122830212288,3203376,2053176,0,3182,5,256647,3182,rq,256647,coded,22,14,198,,
run2,1000000,108,1791226122830248816,36528,2053168,0,3719,3,256646,3719,endio,256647,coded,22,7,232,,
run2,1000000,109,1791226122833051664,2802848,2053184,0,2640,4,256648,2640,rq,256648,coded,23,0,165,,
run2,1000000,110,1791226122833087632,35968,2053176,0,3054,0,256647,3054,endio,256648,coded,23,14,190,,
run2,1000000,111,1791226122836596832,3509200,2053184,0,2181,6,256648,2181,rq,256648,coded,23,5,136,,
run2,1000000,112,1791226122836632960,36128,2053176,0,1225,7,256647,1225,endio,256648,coded,23,9,76,,
run2,1000000,113,1791226122839615872,2982912,2053192,0,2660,7,256649,2660,rq,256649,coded,24,4,166,,
run2,1000000,114,1791226122839650928,35056,2053184,0,140,7,256648,140,endio,256649,coded,24,12,8,,
run2,1000000,115,1791226122842899456,3248528,2053192,0,3150,1,256649,3150,rq,256649,coded,24,14,196,,
run2,1000000,116,1791226122842933904,34448,2053184,0,927,2,256648,927,endio,256649,coded,24,15,57,,
run2,1000000,117,1791226122845843760,2909856,2053200,0,1663,6,256650,1663,rq,256650,coded,25,15,103,,
run2,1000000,118,1791226122845880848,37088,2053192,0,2915,2,256649,2915,endio,256650,coded,25,3,182,,
run2,1000000,119,1791226122848693152,2812304,2053200,0,3790,3,256650,3790,rq,256650,coded,25,14,236,,
run2,1000000,120,1791226122848729712,36560,2053192,0,715,0,256649,715,endio,256650,coded,25,11,44,,
run2,1000000,121,1791226122852452064,3722352,2053208,0,2612,3,256651,2612,rq,256651,coded,26,4,163,,
run2,1000000,122,1791226122852498992,46928,2053200,0,2318,2,256650,2318,endio,256651,coded,26,14,144,,
run2,1000000,123,1791226122856135232,3636240,2053208,0,3377,0,256651,3377,rq,256651,coded,26,1,211,,
run2,1000000,124,1791226122856173696,38464,2053200,0,522,6,256650,522,endio,256651,coded,26,10,32,,
run2,1000000,125,1791226122859317216,3143520,2053216,0,2372,4,256652,2372,rq,256652,coded,27,4,148,,
run2,1000000,126,1791226122859359696,42480,2053208,0,2746,4,256651,2746,endio,256652,coded,27,10,171,,
run2,1000000,127,1791226122862659712,3300016,2053216,0,694,5,256652,694,rq,256652,coded,27,6,43,,
run2,1000000,128,1791226122862695584,35872,2053208,0,3771,5,256651,3771,endio,256652,coded,27,11,235,,
run2,1000000,129,1791226122865415504,2719920,2053224,0,3891,0,256653,3891,rq,256653,parity,28,4,242,,
run2,1000000,130,1791226122865450288,34784,2053216,0,2235,0,256652,2235,endio,256653,coded,28,11,139,,
run2,1000000,131,1791226122868201936,2751648,2053232,0,1107,4,256654,1107,rq,256654,coded,29,3,69,,
run2,1000000,132,1791226122868236256,34320,2053224,0,2839,5,256653,2839,endio,256654,coded,29,7,177,,
run2,1000000,133,1791226122871304080,3067824,2053232,0,3751,1,256654,3751,rq,256654,coded,29,7,234,,
run2,1000000,134,1791226122871338576,34496,2053224,0,3155,5,256653,3155,endio,256654,coded,29,3,197,,
run2,1000000,135,1791226122874540832,3202256,2053240,0,578,5,256655,578,rq,256655,coded,30,2,36,,
run2,1000000,136,1791226122874577152,36320,2053232,0,1423,1,256654,1423,endio,256655,coded,30,15,88,,
run2,1000000,137,1791226122877660560,3083408,2053240,0,2360,6,256655,2360,rq,256655,coded,30,8,147,,
run2,1000000,138,1791226122877716576,56016,2053232,0,179,3,256654,179,endio,256655,coded,30,3,11,,
run2,1000000,139,1791226122881292336,3575760,2053248,0,1382,3,256656,1382,rq,256656,coded,31,6,86,,
run2,1000000,140,1791226122881334640,42304,2053240,0,3791,1,256655,3791,endio,256656,coded,31,15,236,,
run2,1000000,141,1791226122884274560,2939920,2053248,0,1440,2,256656,1440,rq,256656,coded,31,0,90,,
run2,1000000,142,1791226122884309856,35296,2053240,0,2245,6,256655,2245,endio,256656,coded,31,5,140,,
run2,1000000,143,1791226122887504832,3194976,2053256,0,1376,6,256657,1376,rq,256657,coded,32,0,86,,
run2,1000000,144,1791226122887539488,34656,2053248,0,2667,1,256656,2667,endio,256657,coded,32,11,166,,
run2,1000000,145,1791226122890509856,2970368,2053256,0,428,2,256657,428,rq,256657,coded,32,12,26,,
run2,1000000,146,1791226122890543984,34128,2053248,0,3555,3,256656,3555,endio,256657,coded,32,3,222,,
run2,1000000,147,1791226122893184400,2640416,2053264,0,2124,6,256658,2124,rq,256658,coded,33,12,132,,
run2,1000000,148,1791226122893220352,35952,2053256,0,3830,4,256657,3830,endio,256658,parity,33,0,245,,
run2,1000000,149,1791226122896297664,3077312,2053264,0,295,1,256658,295,rq,256658,coded,33,7,18,,
run2,1000000,150,1791226122896332560,34896,2053256,0,2085,1,256657,2085,endio,256658,coded,33,5,130,,
run2,1000000,151,1791226122899202656,2870096,2053272,0,2781,5,256659,2781,rq,256659,coded,34,13,173,,
run2,1000000,152,1791226122899237232,34576,2053264,0,954,6,256658,954,endio,256659,coded,34,10,59,,
run2,1000000,153,1791226122902494608,3257376,2053272,0,3340,5,256659,3340,rq,256659,coded,34,12,208,,
run2,1000000,154,1791226122902528880,34272,2053264,0,2936,5,256658,2936,endio,256659,coded,34,8,183,,
run2,1000000,155,1791226122905494704,2965824,2053280,0,1398,7,256660,1398,rq,256660,coded,35,6,87,,
run2,1000000,156,1791226122905543360,48656,2053272,0,2143,3,256659,2143,endio,256660,coded,35,15,133,,
run2,1000000,157,1791226122909193840,3650480,2053280,0,3073,0,256660,3073,rq,256660,coded,35,1,192,,
run2,1000000,158,1791226122909250272,56432,2053272,0,674,2,256659,674,endio,256660,coded,35,2,42,,
run2,1000000,159,1791226122912280208,3029936,2053288,0,398,6,256661,398,rq,256661,coded,36,14,24,,
run2,1000000,160,1791226122912314832,34624,2053280,0,1648,3,256660,1648,endio,256661,coded,36,0,103,,
run2,1000000,161,1791226122915291760,2976928,2053288,0,1607,2,256661,1607,rq,256661,coded,36,7,100,,
run2,1000000,162,1791226122915329056,37296,2053280,0,3390,5,256660,3390,endio,256661,coded,36,14,211,,
run2,1000000,163,1791226122918356704,3027648,2053296,0,443,1,256662,443,rq,256662,coded,37,11,27,,
run2,1000000,164,1791226122918390592,33888,2053288,0,3437,1,256661,3437,endio,256662,coded,37,13,214,,
run2,1000000,165,1791226122921206944,2816352,2053296,0,3979,5,256662,3979,rq,256662,parity,37,9,250,,
run2,1000000,166,1791226122921242224,35280,2053288,0,1920,0,256661,1920,endio,256662,coded,37,0,120,,
run2,1000000,167,1791226122924033136,2790912,2053304,0,1217,7,256663,1217,rq,256663,coded,38,1,76,,
run2,1000000,168,1791226122924067248,34112,2053296,0,1424,4,256662,1424,endio,256663,coded,38,0,89,,
run2,1000000,169,1791226122927050384,2983136,2053304,0,1482,0,256663,1482,rq,256663,coded,38,10,92,,
run2,1000000,170,1791226122927085072,34688,2053296,0,3438,4,256662,3438,endio,256663,coded,38,14,214,,
run2,1000000,171,1791226122930343696,3258624,2053312,0,2096,0,256664,2096,rq,256664,coded,39,0,131,,
run2,1000000,172,1791226122930377712,34016,2053304,0,1404,0,256663,1404,endio,256664,coded,39,12,87,,
run2,1000000,173,1791226122933501744,3124032,2053312,0,2127,7,256664,2127,rq,256664,coded,39,15,132,,
run2,1000000,174,1791226122933541456,39712,2053304,0,549,7,256663,549,endio,256664,coded,39,5,34,,
run2,1000000,175,1791226122937364880,3823424,2053320,0,1051,3,256665,1051,rq,256665,coded,40,11,65,,
run2,1000000,176,1791226122937453792,88912,2053312,0,2389,7,256664,2389,endio,256665,coded,40,5,149,,
run2,1000000,177,1791226122941476832,4023040,2053320,0,3636,7,256665,3636,rq,256665,coded,40,4,227,,
run2,1000000,178,1791226122941516528,39696,2053312,0,2659,3,256664,2659,endio,256665,coded,40,3,166,,
run2,1000000,179,1791226122944577376,3060848,2053328,0,3362,0,256666,3362,rq,256666,coded,41,2,210,,
run2,1000000,180,1791226122944615472,38096,2053320,0,3514,1,256665,3514,endio,256666,coded,41,10,219,,
run2,1000000,181,1791226122947856640,3241168,2053328,0,2060,5,256666,2060,rq,256666,coded,41,12,128,,
run2,1000000,182,1791226122947891696,35056,2053320,0,2686,4,256665,2686,endio,256666,coded,41,14,167,,
run2,1000000,183,1791226122950934352,3042656,2053336,0,2643,5,256667,2643,rq,256667,coded,42,3,165,,
run2,1000000,184,1791226122950970400,36048,2053328,0,2149,5,256666,2149,endio,256667,coded,42,5,134,,
run2,1000000,185,1791226122953936160,2965760,2053344,0,3873,2,256668,3873,rq,256668,parity,43,3,240,,
run2,1000000,186,1791226122953971008,34848,2053336,0,3555,0,256667,3555,endio,256668,coded,43,3,222,,
run2,1000000,187,1791226122956786976,2815968,2053344,0,1519,5,256668,1519,rq,256668,coded,43,15,94,,
run2,1000000,188,1791226122956821456,34480,2053336,0,1515,0,256667,1515,endio,256668,coded,43,11,94,,
run2,1000000,189,1791226122960115920,3294464,2053352,0,1574,4,256669,1574,rq,256669,coded,44,6,98,,
run2,1000000,190,1791226122960157728,41808,2053344,0,1405,5,256668,1405,endio,256669,coded,44,13,87,,
run2,1000000,191,1791226122967652320,7494592,2053352,0,3966,0,256669,3966,rq,256669,parity,44,8,253,,
run2,1000000,192,1791226122967708032,55712,2053344,0,3432,4,256668,3432,endio,256669,coded,44,8,214,,
run2,1000000,193,1791226122970433504,2725472,2053360,0,1017,7,256670,1017,rq,256670,coded,45,9,63,,
run2,1000000,194,1791226122970470768,37264,2053352,0,1311,1,256669,1311,endio,256670,coded,45,15,81,,
run2,1000000,195,1791226122973260560,2789792,2053360,0,4081,6,256670,4081,rq,256670,tail,45,,,,
run2,1000000,196,1791226122973297456,36896,2053352,0,3970,1,256669,3970,endio,256670,parity,45,9,241,,
run2,1000000,197,1791226122975854976,2557520,2053368,0,3069,2,256671,3069,rq,256671,coded,46,13,191,,
run2,1000000,198,1791226122975890080,35104,2053360,0,932,3,256670,932,endio,256671,coded,46,4,58,,
run2,1000000,199,1791226122978868784,2978704,2053368,0,1827,1,256671,1827,rq,256671,coded,46,3,114,,
run2,1000000,200,1791226122978904048,35264,2053360,0,1238,0,256670,1238,endio,256671,coded,46,6,77,,
run2,1000000,201,1791226122981856432,2952384,2053376,0,773,5,256672,773,rq,256672,coded,47,5,48,,
run2,1000000,202,1791226122981892336,35904,2053368,0,660,1,256671,660,endio,256672,coded,47,4,41,,
run2,1000000,203,1791226122984714976,2822640,2053376,0,3186,7,256672,3186,rq,256672,coded,47,2,199,,
run2,1000000,204,1791226122984750288,35312,2053368,0,1160,6,256671,1160,endio,256672,coded,47,8,72,,
run2,1000000,205,1791226122988256704,3506416,2053384,0,3710,7,256673,3710,rq,256673,coded,48,14,231,,
run2,1000000,206,1791226122988308576,51872,2053376,0,2863,6,256672,2863,endio,256673,coded,48,15,178,,
run2,1000000,207,1791226122993118496,4809920,2053384,0,2424,0,256673,2424,rq,256673,coded,48,8,151,,
run2,1000000,208,1791226122993158480,39984,2053376,0,3055,4,256672,3055,endio,256673,coded,48,15,190,,
run2,1000000,209,1791226122996296736,3138256,2053392,0,2455,2,256674,2455,rq,256674,coded,49,7,153,,
run2,1000000,210,1791226122996333856,37120,2053384,0,2365,1,256673,2365,endio,256674,coded,49,13,147,,
run2,1000000,211,1791226122999514752,3180896,2053392,0,252,4,256674,252,rq,256674,coded,49,12,15,,
run2,1000000,212,1791226122999549712,34960,2053384,0,1459,3,256673,1459,endio,256674,coded,49,3,91,,
run2,1000000,213,1791226123002699968,3150256,2053400,0,2890,6,256675,2890,rq,256675,coded,50,10,180,,
run2,1000000,214,1791226123002737760,37792,2053392,0,3987,1,256674,3987,endio,256675,parity,50,10,242,,
run2,1000000,215,1791226123005069216,2331456,2053400,0,2675,3,256675,2675,rq,256675,coded,50,3,167,,
run2,1000000,216,1791226123005105296,36080,2053392,0,921,0,256674,921,endio,256675,coded,50,9,57,,
run2,1000000,217,1791226123008201584,3096288,2053408,0,3978,6,256676,3978,rq,256676,parity,51,9,249,,
run2,1000000,218,1791226123008236688,35104,2053400,0,2928,5,256675,2928,endio,256676,coded,51,0,183,,
run2,1000000,219,1791226123011384112,3147424,2053408,0,3977,4,256676,3977,rq,256676,parity,51,9,248,,
run2,1000000,220,1791226123011418688,34576,2053400,0,3067,1,256675,3067,endio,256676,coded,51,11,191,,
run2,1000000,221,1791226123014642912,3224224,2053416,0,276,5,256677,276,rq,256677,coded,52,4,17,,
run2,1000000,222,1791226123014681392,38480,2053408,0,2644,2,256676,2644,endio,256677,coded,52,4,165,,
run2,1000000,223,1791226123017710432,3029040,2053416,0,594,5,256677,594,rq,256677,coded,52,2,37,,
run2,1000000,224,1791226123017776528,66096,2053408,0,73,1,256676,73,endio,256677,coded,52,9,4,,
run2,1000000,225,1791226123021143920,3367392,2053424,0,1364,1,256678,1364,rq,256678,coded,53,4,85,,
run2,1000000,226,1791226123021186512,42592,2053416,0,3899,1,256677,3899,endio,256678,parity,53,4,250,,
run2,1000000,227,1791226123024160272,2973760,2053424,0,3451,0,256678,3451,rq,256678,coded,53,11,215,,
run2,1000000,228,1791226123024195488,35216,2053416,0,2859,6,256677,2859,endio,256678,coded,53,11,178,,
run2,1000000,229,1791226123026812160,2616672,2053432,0,3413,4,256679,3413,rq,256679,coded,54,5,213,,
run2,1000000,230,1791226123026847280,35120,2053424,0,2819,7,256678,2819,endio,256679,coded,54,3,176,,
run2,1000000,231,1791226123029946640,3099360,2053432,0,2993,0,256679,2993,rq,256679,coded,54,1,187,,
run2,1000000,232,1791226123029982080,35440,2053424,0,28,6,256678,28,endio,256679,coded,54,12,1,,
run2,1000000,233,1791226123032831648,2849568,2053440,0,3519,6,256680,3519,rq,256680,coded,55,15,219,,
run2,1000000,234,1791226123032883024,51376,2053432,0,1280,1,256679,1280,endio,256680,coded,55,0,80,,
run2,1000000,235,1791226123035829136,2946112,2053440,0,2039,4,256680,2039,rq,256680,coded,55,7,127,,
run2,1000000,236,1791226123035863776,34640,2053432,0,3936,1,256679,3936,endio,256680,parity,55,7,239,,
run2,1000000,237,1791226123038303120,2439344,2053448,0,2175,6,256681,2175,rq,256681,coded,56,15,135,,
run2,1000000,238,1791226123038337632,34512,2053440,0,684,1,256680,684,endio,256681,coded,56,12,42,,
run2,1000000,239,1791226123041079072,2741440,2053456,0,819,5,256682,819,rq,256682,coded,57,3,51,,
run2,1000000,240,1791226123041114528,35456,2053448,0,2438,4,256681,2438,endio,256682,coded,57,6,152,,
run2,1000000,241,1791226123045708480,4593952,2053456,0,1807,0,256682,1807,rq,256682,coded,57,15,112,,
run2,1000000,242,1791226123045762704,54224,2053448,0,2091,5,256681,2091,endio,256682,coded,57,11,130,,
run2,1000000,243,1791226123048892096,3129392,2053464,0,1387,6,256683,1387,rq,256683,coded,58,11,86,,
run2,1000000,244,1791226123048993840,101744,2053456,0,4058,6,256682,4058,endio,256683,parity,58,14,249,,
run2,1000000,245,1791226123052348928,3355088,2053464,0,3121,4,256683,3121,rq,256683,coded,58,1,195,,
run2,1000000,246,1791226123052384976,36048,2053456,0,3976,4,256682,3976,endio,256683,parity,58,9,247,,
run2,1000000,247,1791226123055394560,3009584,2053472,0,3840,4,256684,3840,rq,256684,parity,59,1,239,,
run2,1000000,248,1791226123055431296,36736,2053464,0,1012,3,256683,1012,endio,256684,coded,59,4,63,,
run2,1000000,249,1791226123059034832,3603536,2053472,0,3532,4,256684,3532,rq,256684,coded,59,12,220,,
run2,1000000,250,1791226123059070208,35376,2053464,0,397,1,256683,397,endio,256684,coded,59,13,24,,
run2,1000000,251,1791226123062136000,3065792,2053480,0,3462,2,256685,3462,rq,256685,coded,60,6,216,,
run2,1000000,252,1791226123062170896,34896,2053472,0,1785,2,256684,1785,endio,256685,coded,60,9,111,,
run2,1000000,253,1791226123065075664,2904768,2053480,0,2,7,256685,2,rq,256685,coded,60,2,0,,
run2,1000000,254,1791226123065111200,35536,2053472,0,1585,0,256684,1585,endio,256685,coded,60,1,99,,
run2,1000000,255,1791226123067921440,2810240,2053488,0,2996,7,256686,2996,rq,256686,coded,61,4,187,,
run2,1000000,256,1791226123067957312,35872,2053480,0,3123,4,256685,3123,endio,256686,coded,61,3,195,,
run2,1000000,257,1791226123071563184,3605872,2053488,0,289,0,256686,289,rq,256686,coded,61,1,18,,
run2,1000000,258,1791226123071617872,54688,2053480,0,780,2,256685,780,endio,256686,coded,61,12,48,,
run2,1000000,259,1791226123075564288,3946416,2053496,0,2222,0,256687,2222,rq,256687,coded,62,14,138,,
run2,1000000,260,1791226123075601776,37488,2053488,0,1756,7,256686,1756,endio,256687,coded,62,12,109,,
run2,1000000,261,1791226123078767792,3166016,2053496,0,2568,6,256687,2568,rq,256687,coded,62,8,160,,
run2,1000000,262,1791226123078802800,35008,2053488,0,1647,1,256686,1647,endio,256687,coded,62,15,102,,
run2,1000000,263,1791226123081864912,3062112,2053504,0,3895,3,256688,3895,rq,256688,parity,63,4,246,,
run2,1000000,264,1791226123081899968,35056,2053496,0,1145,4,256687,1145,endio,256688,coded,63,9,71,,
run2,1000000,265,1791226123084889296,2989328,2053504,0,2252,0,256688,2252,rq,256688,coded,63,12,140,,
run2,1000000,266,1791226123084924480,35184,2053496,0,593,2,256687,593,endio,256688,coded,63,1,37,,
run2,1000000,267,1791226123087879440,2954960,2053512,0,1556,7,256689,1556,rq,256689,coded,64,4,97,,
run2,1000000,268,1791226123087915840,36400,2053504,0,2244,5,256688,2244,endio,256689,coded,64,4,140,,
run2,1000000,269,1791226123090499664,2583824,2053512,0,396,6,256689,396,rq,256689,coded,64,12,24,,
run2,1000000,270,1791226123090534112,34448,2053504,0,82,6,256688,82,endio,256689,coded,64,2,5,,
run2,1000000,271,1791226123093238288,2704176,2053520,0,3966,2,256690,3966,rq,256690,parity,65,8,253,,
run2,1000000,272,1791226123093272624,34336,2053512,0,323,5,256689,323,endio,256690,coded,65,3,20,,
run2,1000000,273,1791226123096076048,2803424,2053520,0,206,0,256690,206,rq,256690,coded,65,14,12,,
run2,1000000,274,1791226123096115808,39760,2053512,0,2122,4,256689,2122,endio,256690,coded,65,10,132,,
run2,1000000,275,1791226123101572112,5456304,2053528,0,2151,5,256691,2151,rq,256691,coded,66,7,134,,
run2,1000000,276,1791226123101751904,179792,2053520,0,2305,3,256690,2305,endio,256691,coded,66,1,144,,
run2,1000000,277,1791226123106329648,4577744,2053528,0,1589,1,256691,1589,rq,256691,coded,66,5,99,,
run2,1000000,278,1791226123106368800,39152,2053520,0,1032,1,256690,1032,endio,256691,coded,66,8,64,,
run2,1000000,279,1791226123109078112,2709312,2053536,0,2140,0,256692,2140,rq,256692,coded,67,12,133,,
run2,1000000,280,1791226123109116480,38368,2053528,0,4059,5,256691,4059,endio,256692,parity,67,14,250,,
run2,1000000,281,1791226123112374016,3257536,2053536,0,2354,6,256692,2354,rq,256692,coded,67,2,147,,
run2,1000000,282,1791226123112408560,34544,2053528,0,1912,4,256691,1912,endio,256692,coded,67,8,119,,
run2,1000000,283,1791226123115401024,2992464,2053544,0,433,4,256693,433,rq,256693,coded,68,1,27,,
run2,1000000,284,1791226123115438320,37296,2053536,0,588,7,256692,588,endio,256693,coded,68,12,36,,
run3,100000,0,1791440306682100368,,2053000,0,3017,0,256625,3017,ambiguous,,ambiguous,,,,,
run3,100000,1,1791440306695640672,13540304,2053024,0,930,6,256628,930,rq,256628,coded,4,2,58,,
run3,100000,2,1791440306695737184,96512,2053016,0,1511,1,256627,1511,endio,256628,coded,4,7,94,,
run3,100000,3,1791440306700614752,4877568,2053032,0,1341,1,256629,1341,ambiguous,,ambiguous,,,,,
run3,100000,4,1791440306702944720,2329968,2053040,0,1495,6,256630,1495,ambiguous,,ambiguous,,,,,
run3,100000,5,1791440306717901856,14957136,2053056,0,1373,2,256632,1373,ambiguous,,ambiguous,,,,,
run3,100000,6,1791440306720133488,2231632,2053072,0,2282,3,256634,2282,ambiguous,,ambiguous,,,,,
run3,100000,7,1791440306746831312,26697824,2053120,0,289,2,256640,289,ambiguous,,ambiguous,,,,,
run3,100000,8,1791440306752983424,6152112,2053136,0,2112,7,256642,2112,ambiguous,,ambiguous,,,,,
run3,100000,9,1791440306762745872,9762448,2053152,0,2153,7,256644,2153,ambiguous,,ambiguous,,,,,
run3,100000,10,1791440306768961872,6216000,2053168,0,290,7,256646,290,ambiguous,,ambiguous,,,,,
run3,100000,11,1791440306775790464,6828592,2053184,0,897,7,256648,897,ambiguous,,ambiguous,,,,,
run3,100000,12,1791440306814945344,39154880,2053264,0,3913,2,256658,3913,ambiguous,,ambiguous,,,,,
run3,100000,13,1791440306821536848,6591504,2053264,0,2573,6,256658,2573,ambiguous,,ambiguous,,,,,
run3,100000,14,1791440306835047664,13510816,2053296,0,3681,5,256662,3681,ambiguous,,ambiguous,,,,,
run3,100000,15,1791440306846452816,11405152,2053320,0,1417,0,256665,1417,ambiguous,,ambiguous,,,,,
run3,100000,16,1791440306849517632,3064816,2053312,0,416,2,256664,416,ambiguous,,ambiguous,,,,,
run3,100000,17,1791440306852150016,2632384,2053320,0,3847,4,256665,3847,ambiguous,,ambiguous,,,,,
run3,100000,18,1791440306863525248,11375232,2053344,0,1705,6,256668,1705,ambiguous,,ambiguous,,,,,
run3,100000,19,1791440306928313552,64788304,2053456,0,1342,5,256682,1342,ambiguous,,ambiguous,,,,,
run3,100000,20,1791440306930933920,2620368,2053464,0,3907,4,256683,3907,ambiguous,,ambiguous,,,,,
run3,100000,21,1791440306935263584,4329664,2053472,0,2654,3,256684,2654,ambiguous,,ambiguous,,,,,
run3,1000000,22,1791440360977497008,,2052992,0,2369,1,256624,2369,rq_alone,256624,coded,0,1,148,,
run3,1000000,23,1791440360980191152,2694144,2053000,0,1142,3,256625,1142,rq,256625,coded,1,6,71,,
run3,1000000,24,1791440360980231840,40688,2052992,0,658,7,256624,658,endio,256625,coded,1,2,41,,
run3,1000000,25,1791440360983211440,2979600,2053000,0,2057,1,256625,2057,rq,256625,coded,1,9,128,,
run3,1000000,26,1791440360983250304,38864,2052992,0,3680,1,256624,3680,endio,256625,coded,1,0,230,,
run3,1000000,27,1791440360986343200,3092896,2053008,0,4067,1,256626,4067,rq,256626,parity,2,15,242,,
run3,1000000,28,1791440360986380640,37440,2053000,0,1695,5,256625,1695,endio,256626,coded,2,15,105,,
run3,1000000,29,1791440360989168896,2788256,2053008,0,1622,4,256626,1622,rq,256626,coded,2,6,101,,
run3,1000000,30,1791440360989209392,40496,2053000,0,190,7,256625,190,endio,256626,coded,2,14,11,,
run3,1000000,31,1791440360992699504,3490112,2053016,0,427,6,256627,427,rq,256627,coded,3,11,26,,
run3,1000000,32,1791440360992746560,47056,2053008,0,1146,2,256626,1146,endio,256627,coded,3,10,71,,
run3,1000000,33,1791440360995947040,3200480,2053016,0,2065,5,256627,2065,rq,256627,coded,3,1,129,,
run3,1000000,34,1791440360995984400,37360,2053008,0,644,1,256626,644,endio,256627,coded,3,4,40,,
run3,1000000,35,1791440360999303296,3318896,2053024,0,1758,1,256628,1758,rq,256628,coded,4,14,109,,
run3,1000000,36,1791440360999339040,35744,2053016,0,1705,6,256627,1705,endio,256628,coded,4,9,106,,
run3,1000000,37,1791440361002735952,3396912,2053024,0,2926,1,256628,2926,rq,256628,coded,4,14,182,,
run3,1000000,38,1791440361002771856,35904,2053016,0,872,2,256627,872,endio,256628,coded,4,8,54,,
run3,1000000,39,1791440361006776016,4004160,2053032,0,3288,7,256629,3288,rq,256629,coded,5,8,205,,
run3,1000000,40,1791440361006850816,74800,2053024,0,2807,4,256628,2807,endio,256629,coded,5,7,175,,
run3,1000000,41,1791440361010346496,3495680,2053032,0,1003,6,256629,1003,rq,256629,coded,5,11,62,,
run3,1000000,42,1791440361010384304,37808,2053024,0,497,7,256628,497,endio,256629,coded,5,1,31,,
run3,1000000,43,1791440361013655856,3271552,2053040,0,3101,6,256630,3101,rq,256630,coded,6,13,193,,
run3,1000000,44,1791440361013692896,37040,2053032,0,37,0,256629,37,endio,256630,coded,6,5,2,,
run3,1000000,45,1791440361016714944,3022048,2053040,0,1244,5,256630,1244,rq,256630,coded,6,12,77,,
run3,1000000,46,1791440361016752784,37840,2053032,0,2726,1,256629,2726,endio,256630,coded,6,6,170,,
run3,1000000,47,1791440361019525520,2772736,2053048,0,473,3,256631,473,rq,256631,coded,7,9,29,,
run3,1000000,48,1791440361019563008,37488,2053040,0,996,0,256630,996,endio,256631,coded,7,4,62,,
run3,1000000,49,1791440361022752560,3189552,2053048,0,690,2,256631,690,rq,256631,coded,7,2,43,,
run3,1000000,50,1791440361022787792,35232,2053040,0,2157,1,256630,2157,endio,256631,coded,7,13,134,,
run3,1000000,51,1791440361025646640,2858848,2053056,0,1254,0,256632,1254,rq,256632,coded,8,6,78,,
run3,1000000,52,1791440361025681280,34640,2053048,0,302,6,256631,302,endio,256632,coded,8,14,18,,
run3,1000000,53,1791440361028348848,2667568,2053056,0,1272,3,256632,1272,rq,256632,coded,8,8,79,,
run3,1000000,54,1791440361028385344,36496,2053048,0,3087,7,256631,3087,endio,256632,coded,8,15,192,,
run3,1000000,55,1791440361031443040,3057696,2053064,0,3290,5,256633,3290,rq,256633,coded,9,10,205,,
run3,1000000,56,1791440361031480304,37264,2053056,0,3913,3,256632,3913,endio,256633,parity,9,5,248,,
run3,1000000,57,1791440361035016000,3535696,2053064,0,493,0,256633,493,rq,256633,coded,9,13,30,,
run3,1000000,58,1791440361035059936,43936,2053056,0,756,3,256632,756,endio,256633,coded,9,4,47,,
run3,1000000,59,1791440361038265712,3205776,2053072,0,942,2,256634,942,rq,256634,coded,10,14,58,,
run3,1000000,60,1791440361038303536,37824,2053064,0,3259,7,256633,3259,endio,256634,coded,10,11,203,,
run3,1000000,61,1791440361041755616,3452080,2053072,0,2003,5,256634,2003,rq,256634,coded,10,3,125,,
run3,1000000,62,1791440361041794128,38512,2053064,0,1206,7,256633,1206,endio,256634,coded,10,6,75,,
run3,1000000,63,1791440361044661760,2867632,2053080,0,1105,3,256635,1105,rq,256635,coded,11,1,69,,
run3,1000000,64,1791440361044701952,40192,2053072,0,2615,7,256634,2615,endio,256635,coded,11,7,163,,
run3,1000000,65,1791440361047654688,2952736,2053080,0,1536,2,256635,1536,rq,256635,coded,11,0,96,,
run3,1000000,66,1791440361047693968,39280,2053072,0,3107,2,256634,3107,endio,256635,coded,11,3,194,,
run3,1000000,67,1791440361051350608,3656640,2053088,0,4095,7,256636,4095,rq,256636,indirect,,,,511,0
run3,1000000,68,1791440361051389456,38848,2053080,0,2711,2,256635,2711,endio,256636,indirect,,,,338,0
run3,1000000,69,1791440361056221808,4832352,2053096,0,2929,7,256637,2929,rq,256637,coded,12,1,183,,
run3,1000000,70,1791440361056260912,39104,2053088,0,330,5,256636,330,endio,256637,coded,12,10,20,,
run3,1000000,71,1791440361060143184,3882272,2053096,0,3297,5,256637,3297,rq,256637,coded,12,1,206,,
run3,1000000,72,1791440361060179584,36400,2053088,0,2527,2,256636,2527,endio,256637,coded,12,15,157,,
run3,1000000,73,1791440361063321776,3142192,2053104,0,2079,7,256638,2079,rq,256638,coded,13,15,129,,
run3,1000000,74,1791440361063359792,38016,2053096,0,4040,1,256637,4040,endio,256638,parity,13,13,247,,
run3,1000000,75,1791440361066655024,3295232,2053104,0,876,0,256638,876,rq,256638,coded,13,12,54,,
run3,1000000,76,1791440361066690752,35728,2053096,0,3420,1,256637,3420,endio,256638,coded,13,12,213,,
run3,1000000,77,1791440361069363664,2672912,2053112,0,1729,2,256639,1729,rq,256639,coded,14,1,108,,
run3,1000000,78,1791440361069401152,37488,2053104,0,1795,7,256638,1795,endio,256639,coded,14,3,112,,
run3,1000000,79,1791440361072681296,3280144,2053120,0,3626,0,256640,3626,rq,256640,coded,15,10,226,,
run3,1000000,80,1791440361072719536,38240,2053112,0,2502,6,256639,2502,endio,256640,coded,15,6,156,,
run3,1000000,81,1791440361076036880,3317344,2053120,0,825,4,256640,825,rq,256640,coded,15,9,51,,
run3,1000000,82,1791440361076073056,36176,2053112,0,3142,3,256639,3142,endio,256640,coded,15,6,196,,
run3,1000000,83,1791440361079103216,3030160,2053128,0,3779,2,256641,3779,rq,256641,coded,16,3,236,,
run3,1000000,84,1791440361079139472,36256,2053120,0,1214,7,256640,1214,endio,256641,coded,16,14,75,,
run3,1000000,85,1791440361082444784,3305312,2053128,0,2488,5,256641,2488,rq,256641,coded,16,8,155,,
run3,1000000,86,1791440361082479600,34816,2053120,0,2425,5,256640,2425,endio,256641,coded,16,9,151,,
run3,1000000,87,1791440361085563856,3084256,2053136,0,3363,2,256642,3363,rq,256642,coded,17,3,210,,
run3,1000000,88,1791440361085601616,37760,2053128,0,3077,6,256641,3077,endio,256642,coded,17,5,192,,
run3,1000000,89,1791440361088745984,3144368,2053136,0,3533,3,256642,3533,rq,256642,coded,17,13,220,,
run3,1000000,90,1791440361088789136,43152,2053128,0,584,4,256641,584,endio,256642,coded,17,8,36,,
run3,1000000,91,1791440361091602704,2813568,2053144,0,1797,0,256643,1797,rq,256643,coded,18,5,112,,
run3,1000000,92,1791440361091637392,34688,2053136,0,3177,2,256642,3177,endio,256643,coded,18,9,198,,
run3,1000000,93,1791440361096256720,4619328,2053144,0,3969,2,256643,3969,rq,256643,parity,18,9,240,,
run3,1000000,94,1791440361096437408,180688,2053136,0,515,3,256642,515,endio,256643,coded,18,3,32,,
run3,1000000,95,1791440361101941856,5504448,2053152,0,3941,5,256644,3941,rq,256644,parity,19,7,244,,
run3,1000000,96,1791440361102027488,85632,2053144,0,2045,7,256643,2045,endio,256644,coded,19,13,127,,
run3,1000000,97,1791440361108443568,6416080,2053152,0,3726,1,256644,3726,rq,256644,coded,19,14,232,,
run3,1000000,98,1791440361108626144,182576,2053144,0,1293,5,256643,1293,endio,256644,coded,19,13,80,,
run3,1000000,99,1791440361112863408,4237264,2053160,0,3300,2,256645,3300,rq,256645,coded,20,4,206,,
run3,1000000,100,1791440361112905616,42208,2053152,0,2812,1,256644,2812,endio,256645,coded,20,12,175,,
run3,1000000,101,1791440361115828144,2922528,2053160,0,1527,5,256645,1527,rq,256645,coded,20,7,95,,
run3,1000000,102,1791440361115863520,35376,2053152,0,1797,2,256644,1797,endio,256645,coded,20,5,112,,
run3,1000000,103,1791440361118955328,3091808,2053168,0,1953,5,256646,1953,rq,256646,coded,21,1,122,,
run3,1000000,104,1791440361118989552,34224,2053160,0,3128,6,256645,3128,endio,256646,coded,21,8,195,,
run3,1000000,105,1791440361122057328,3067776,2053168,0,2136,3,256646,2136,rq,256646,coded,21,8,133,,
run3,1000000,106,1791440361122091712,34384,2053160,0,466,4,256645,466,endio,256646,coded,21,2,29,,
run3,1000000,107,1791440361124949392,2857680,2053176,0,1378,5,256647,1378,rq,256647,coded,22,2,86,,
run3,1000000,108,1791440361124984976,35584,2053168,0,2124,4,256646,2124,endio,256647,coded,22,12,132,,
run3,1000000,109,1791440361127876496,2891520,2053176,0,1051,7,256647,1051,rq,256647,coded,22,11,65,,
run3,1000000,110,1791440361127910416,33920,2053168,0,2471,4,256646,2471,endio,256647,coded,22,7,154,,
run3,1000000,111,1791440361131038480,3128064,2053184,0,2693,3,256648,2693,rq,256648,coded,23,5,168,,
run3,1000000,112,1791440361131074304,35824,2053176,0,364,7,256647,364,endio,256648,coded,23,12,22,,
run3,1000000,113,1791440361133991648,2917344,2053184,0,2886,1,256648,2886,rq,256648,coded,23,6,180,,
run3,1000000,114,1791440361134025872,34224,2053176,0,2124,3,256647,2124,endio,256648,coded,23,12,132,,
run3,1000000,115,1791440361136795136,2769264,2053192,0,1931,1,256649,1931,rq,256649,coded,24,11,120,,
run3,1000000,116,1791440361136828688,33552,2053184,0,3674,2,256648,3674,endio,256649,coded,24,10,229,,
run3,1000000,117,1791440361139541248,2712560,2053192,0,2140,0,256649,2140,rq,256649,coded,24,12,133,,
run3,1000000,118,1791440361139574496,33248,2053184,0,1317,3,256648,1317,endio,256649,coded,24,5,82,,
run3,1000000,119,1791440361142450976,2876480,2053200,0,1908,1,256650,1908,rq,256650,coded,25,4,119,,
run3,1000000,120,1791440361142484656,33680,2053192,0,113,3,256649,113,endio,256650,coded,25,1,7,,
run3,1000000,121,1791440361145664080,3179424,2053200,0,1245,4,256650,1245,rq,256650,coded,25,13,77,,
run3,1000000,122,1791440361145697840,33760,2053192,0,165,3,256649,165,endio,256650,coded,25,5,10,,
run3,1000000,123,1791440361148555584,2857744,2053208,0,3752,5,256651,3752,rq,256651,coded,26,8,234,,
run3,1000000,124,1791440361148590384,34800,2053200,0,427,3,256650,427,endio,256651,coded,26,11,26,,
run3,1000000,125,1791440361151577120,2986736,2053208,0,2121,4,256651,2121,rq,256651,coded,26,9,132,,
run3,1000000,126,1791440361151610560,33440,2053200,0,1974,1,256650,1974,endio,256651,coded,26,6,123,,
run3,1000000,127,1791440361154852000,3241440,2053216,0,806,7,256652,806,rq,256652,coded,27,6,50,,
run3,1000000,128,1791440361154886064,34064,2053208,0,788,6,256651,788,endio,256652,coded,27,4,49,,
run3,1000000,129,1791440361157904032,3017968,2053216,0,1329,3,256652,1329,rq,256652,coded,27,1,83,,
run3,1000000,130,1791440361157937472,33440,2053208,0,2271,5,256651,2271,endio,256652,coded,27,15,141,,
run3,1000000,131,1791440361160595280,2657808,2053224,0,2883,4,256653,2883,rq,256653,coded,28,3,180,,
run3,1000000,132,1791440361160633552,38272,2053216,0,3930,5,256652,3930,endio,256653,parity,28,6,249,,
run3,1000000,133,1791440361163521584,2888032,2053232,0,1414,3,256654,1414,rq,256654,coded,29,6,88,,
run3,1000000,134,1791440361163554672,33088,2053224,0,1019,1,256653,1019,endio,256654,coded,29,11,63,,
run3,1000000,135,1791440361166752688,3198016,2053232,0,489,2,256654,489,rq,256654,coded,29,9,30,,
run3,1000000,136,1791440361166787952,35264,2053224,0,1913,7,256653,1913,endio,256654,coded,29,9,119,,
run3,1000000,137,1791440361169346288,2558336,2053240,0,3868,4,256655,3868,rq,256655,parity,30,2,251,,
run3,1000000,138,1791440361169381408,35120,2053232,0,3092,2,256654,3092,endio,256655,coded,30,4,193,,
run3,1000000,139,1791440361172209760,2828352,2053240,0,1114,5,256655,1114,rq,256655,coded,30,10,69,,
run3,1000000,140,1791440361172246672,36912,2053232,0,2613,7,256654,2613,endio,256655,coded,30,5,163,,
run3,1000000,141,1791440361175369760,3123088,2053248,0,2535,1,256656,2535,rq,256656,coded,31,7,158,,
run3,1000000,142,1791440361175404848,35088,2053240,0,2926,7,256655,2926,endio,256656,coded,31,14,182,,
run3,1000000,143,1791440361178750336,3345488,2053248,0,1117,7,256656,1117,rq,256656,coded,31,13,69,,
run3,1000000,144,1791440361178785264,34928,2053240,0,2821,1,256655,2821,endio,256656,coded,31,5,176,,
run3,1000000,145,1791440361181715184,2929920,2053256,0,3607,2,256657,3607,rq,256657,coded,32,7,225,,
run3,1000000,146,1791440361181749168,33984,2053248,0,2553,1,256656,2553,endio,256657,coded,32,9,159,,
run3,1000000,147,1791440361184506208,2757040,2053256,0,3812,0,256657,3812,rq,256657,coded,32,4,238,,
run3,1000000,148,1791440361184548384,42176,2053248,0,230,3,256656,230,endio,256657,coded,32,6,14,,
run3,1000000,149,1791440361187496704,2948320,2053264,0,2580,2,256658,2580,rq,256658,coded,33,4,161,,
run3,1000000,150,1791440361187530592,33888,2053256,0,2482,4,256657,2482,endio,256658,coded,33,2,155,,
run3,1000000,151,1791440361190476208,2945616,2053264,0,2403,6,256658,2403,rq,256658,coded,33,3,150,,
run3,1000000,152,1791440361190509792,33584,2053256,0,1119,7,256657,1119,endio,256658,coded,33,15,69,,
run3,1000000,153,1791440361193697872,3188080,2053272,0,1398,3,256659,1398,rq,256659,coded,34,6,87,,
run3,1000000,154,1791440361193732688,34816,2053264,0,4088,4,256658,4088,endio,256659,tail,34,,,,
run3,1000000,155,1791440361196135792,2403104,2053272,0,2469,7,256659,2469,rq,256659,coded,34,5,154,,
run3,1000000,156,1791440361196169120,33328,2053264,0,978,7,256658,978,endio,256659,coded,34,2,61,,
run3,1000000,157,1791440361199311600,3142480,2053280,0,4057,4,256660,4057,rq,256660,parity,35,14,248,,
run3,1000000,158,1791440361199345248,33648,2053272,0,2772,2,256659,2772,endio,256660,coded,35,4,173,,
run3,1000000,159,1791440361202424352,3079104,2053280,0,2293,7,256660,2293,rq,256660,coded,35,5,143,,
run3,1000000,160,1791440361202457408,33056,2053272,0,1014,3,256659,1014,endio,256660,coded,35,6,63,,
run3,1000000,161,1791440361205462640,3005232,2053288,0,171,3,256661,171,rq,256661,coded,36,11,10,,
run3,1000000,162,1791440361205497184,34544,2053280,0,3190,3,256660,3190,endio,256661,coded,36,6,199,,
run3,1000000,163,1791440361208563536,3066352,2053288,0,3438,5,256661,3438,rq,256661,coded,36,14,214,,
run3,1000000,164,1791440361208604352,40816,2053280,0,860,2,256660,860,endio,256661,coded,36,12,53,,
run3,1000000,165,1791440361211571792,2967440,2053296,0,2774,3,256662,2774,rq,256662,coded,37,6,173,,
run3,1000000,166,1791440361211606320,34528,2053288,0,3769,1,256661,3769,endio,256662,coded,37,9,235,,
run3,1000000,167,1791440361214559568,2953248,2053296,0,1160,5,256662,1160,rq,256662,coded,37,8,72,,
run3,1000000,168,1791440361214597376,37808,2053288,0,4021,6,256661,4021,endio,256662,parity,37,12,244,,
run3,1000000,169,1791440361217613056,3015680,2053304,0,1413,1,256663,1413,rq,256663,coded,38,5,88,,
run3,1000000,170,1791440361217648064,35008,2053296,0,976,0,256662,976,endio,256663,coded,38,0,61,,
run3,1000000,171,1791440361220580864,2932800,2053304,0,801,1,256663,801,rq,256663,coded,38,1,50,,
run3,1000000,172,1791440361220616512,35648,2053296,0,3827,2,256662,3827,endio,256663,parity,38,0,242,,
run3,1000000,173,1791440361223561328,2944816,2053312,0,1605,3,256664,1605,rq,256664,coded,39,5,100,,
run3,1000000,174,1791440361223595856,34528,2053304,0,2191,0,256663,2191,endio,256664,coded,39,15,136,,
run3,1000000,175,1791440361226657408,3061552,2053312,0,2797,5,256664,2797,rq,256664,coded,39,13,174,,
run3,1000000,176,1791440361226691504,34096,2053304,0,648,5,256663,648,endio,256664,coded,39,8,40,,
run3,1000000,177,1791440361230188656,3497152,2053320,0,393,4,256665,393,rq,256665,coded,40,9,24,,
run3,1000000,178,1791440361230222688,34032,2053312,0,1949,2,256664,1949,endio,256665,coded,40,13,121,,
run3,1000000,179,1791440361233154832,2932144,2053320,0,1628,4,256665,1628,rq,256665,coded,40,12,101,,
run3,1000000,180,1791440361233189568,34736,2053312,0,2602,4,256664,2602,endio,256665,coded,40,10,162,,
run3,1000000,181,1791440361235995872,2806304,2053328,0,2311,3,256666,2311,rq,256666,coded,41,7,144,,
run3,1000000,182,1791440361236030896,35024,2053320,0,2903,7,256665,2903,endio,256666,coded,41,7,181,,
run3,1000000,183,1791440361238670496,2639600,2053328,0,2183,2,256666,2183,rq,256666,coded,41,7,136,,
run3,1000000,184,1791440361238704944,34448,2053320,0,4003,1,256665,4003,endio,256666,parity,41,11,242,,
run3,1000000,185,1791440361241614736,2909792,2053336,0,769,0,256667,769,rq,256667,coded,42,1,48,,
run3,1000000,186,1791440361241649136,34400,2053328,0,582,2,256666,582,endio,256667,coded,42,6,36,,
run3,1000000,187,1791440361244522912,2873776,2053344,0,1912,3,256668,1912,rq,256668,coded,43,8,119,,
run3,1000000,188,1791440361244559968,37056,2053336,0,3380,0,256667,3380,endio,256668,coded,43,4,211,,
run3,1000000,189,1791440361247840992,3281024,2053344,0,1968,2,256668,1968,rq,256668,coded,43,0,123,,
run3,1000000,190,1791440361247874960,33968,2053336,0,226,1,256667,226,endio,256668,coded,43,2,14,,
run3,1000000,191,1791440361250809088,2934128,2053352,0,3024,2,256669,3024,rq,256669,coded,44,0,189,,
run3,1000000,192,1791440361250844128,35040,2053344,0,3980,3,256668,3980,endio,256669,parity,44,9,251,,
run3,1000000,193,1791440361254114784,3270656,2053352,0,2149,3,256669,2149,rq,256669,coded,44,5,134,,
run3,1000000,194,1791440361254148368,33584,2053344,0,1866,3,256668,1866,endio,256669,coded,44,10,116,,
run3,1000000,195,1791440361256789600,2641232,2053360,0,1150,4,256670,1150,rq,256670,coded,45,14,71,,
run3,1000000,196,1791440361256822896,33296,2053352,0,4094,4,256669,4094,endio,256670,tail,45,,,,
run3,1000000,197,1791440361259214128,2391232,2053360,0,2741,4,256670,2741,rq,256670,coded,45,5,171,,
run3,1000000,198,1791440361259250112,35984,2053352,0,565,5,256669,565,endio,256670,coded,45,5,35,,
run3,1000000,199,1791440361262035392,2785280,2053368,0,2395,0,256671,2395,rq,256671,coded,46,11,149,,
run3,1000000,200,1791440361262069632,34240,2053360,0,1955,7,256670,1955,endio,256671,coded,46,3,122,,
run3,1000000,201,1791440361264824080,2754448,2053368,0,3170,2,256671,3170,rq,256671,coded,46,2,198,,
run3,1000000,202,1791440361264858864,34784,2053360,0,50,7,256670,50,endio,256671,coded,46,2,3,,
run3,1000000,203,1791440361267237456,2378592,2053376,0,388,3,256672,388,rq,256672,coded,47,4,24,,
run3,1000000,204,1791440361267270896,33440,2053368,0,2553,5,256671,2553,endio,256672,coded,47,9,159,,
run3,1000000,205,1791440361270608368,3337472,2053376,0,1618,6,256672,1618,rq,256672,coded,47,2,101,,
run3,1000000,206,1791440361270642592,34224,2053368,0,1518,5,256671,1518,endio,256672,coded,47,14,94,,
run3,1000000,207,1791440361273762096,3119504,2053384,0,2454,5,256673,2454,rq,256673,coded,48,6,153,,
run3,1000000,208,1791440361273800512,38416,2053376,0,522,0,256672,522,endio,256673,coded,48,10,32,,
run3,1000000,209,1791440361276672208,2871696,2053384,0,1312,7,256673,1312,rq,256673,coded,48,0,82,,
run3,1000000,210,1791440361276711744,39536,2053376,0,387,4,256672,387,endio,256673,coded,48,3,24,,
run3,1000000,211,1791440361279672432,2960688,2053392,0,2860,6,256674,2860,rq,256674,coded,49,12,178,,
run3,1000000,212,1791440361279706624,34192,2053384,0,4075,5,256673,4075,endio,256674,parity,49,15,250,,
run3,1000000,213,1791440361282802656,3096032,2053392,0,2836,2,256674,2836,rq,256674,coded,49,4,177,,
run3,1000000,214,1791440361282839424,36768,2053384,0,2827,2,256673,2827,endio,256674,coded,49,11,176,,
run3,1000000,215,1791440361286012576,3173152,2053400,0,2288,7,256675,2288,rq,256675,coded,50,0,143,,
run3,1000000,216,1791440361286047168,34592,2053392,0,2620,6,256674,2620,endio,256675,coded,50,12,163,,
run3,1000000,217,1791440361288975536,2928368,2053400,0,1915,2,256675,1915,rq,256675,coded,50,11,119,,
run3,1000000,218,1791440361289009600,34064,2053392,0,2126,2,256674,2126,endio,256675,coded,50,14,132,,
run3,1000000,219,1791440361291660832,2651232,2053408,0,675,2,256676,675,rq,256676,coded,51,3,42,,
run3,1000000,220,1791440361291695200,34368,2053400,0,3056,1,256675,3056,endio,256676,coded,51,0,191,,
run3,1000000,221,1791440361295112112,3416912,2053408,0,323,6,256676,323,rq,256676,coded,51,3,20,,
run3,1000000,222,1791440361295146576,34464,2053400,0,145,6,256675,145,endio,256676,coded,51,1,9,,
run3,1000000,223,1791440361298060848,2914272,2053416,0,2459,5,256677,2459,rq,256677,coded,52,11,153,,
run3,1000000,224,1791440361298096848,36000,2053408,0,3707,2,256676,3707,endio,256677,coded,52,11,231,,
run3,1000000,225,1791440361300615360,2518512,2053416,0,50,5,256677,50,rq,256677,coded,52,2,3,,
run3,1000000,226,1791440361300650608,35248,2053408,0,2958,2,256676,2958,endio,256677,coded,52,14,184,,
run3,1000000,227,1791440361304945312,4294704,2053424,0,99,6,256678,99,rq,256678,coded,53,3,6,,
run3,1000000,228,1791440361304984272,38960,2053416,0,3337,7,256677,3337,endio,256678,coded,53,9,208,,
run3,1000000,229,1791440361307871792,2887520,2053424,0,2398,0,256678,2398,rq,256678,coded,53,14,149,,
run3,1000000,230,1791440361307908304,36512,2053416,0,145,7,256677,145,endio,256678,coded,53,1,9,,
run3,1000000,231,1791440361311022992,3114688,2053432,0,1297,3,256679,1297,rq,256679,coded,54,1,81,,
run3,1000000,232,1791440361311059776,36784,2053424,0,2804,3,256678,2804,endio,256679,coded,54,4,175,,
run3,1000000,233,1791440361314271808,3212032,2053432,0,62,6,256679,62,rq,256679,coded,54,14,3,,
run3,1000000,234,1791440361314308272,36464,2053424,0,1063,4,256678,1063,endio,256679,coded,54,7,66,,
run3,1000000,235,1791440361317418608,3110336,2053440,0,3663,1,256680,3663,rq,256680,coded,55,15,228,,
run3,1000000,236,1791440361317455584,36976,2053432,0,3186,6,256679,3186,endio,256680,coded,55,2,199,,
run3,1000000,237,1791440361320579888,3124304,2053440,0,3819,1,256680,3819,rq,256680,coded,55,11,238,,
run3,1000000,238,1791440361320619008,39120,2053432,0,1967,2,256679,1967,endio,256680,coded,55,15,122,,
run3,1000000,239,1791440361323820256,3201248,2053448,0,3151,4,256681,3151,rq,256681,coded,56,15,196,,
run3,1000000,240,1791440361323856176,35920,2053440,0,2688,5,256680,2688,endio,256681,coded,56,0,168,,
run3,1000000,241,1791440361327177024,3320848,2053456,0,176,3,256682,176,rq,256682,coded,57,0,11,,
run3,1000000,242,1791440361327216384,39360,2053448,0,3109,0,256681,3109,endio,256682,coded,57,5,194,,
run3,1000000,243,1791440361330770000,3553616,2053456,0,2126,6,256682,2126,rq,256682,coded,57,14,132,,
run3,1000000,244,1791440361330805776,35776,2053448,0,2591,7,256681,2591,endio,256682,coded,57,15,161,,
run3,1000000,245,1791440361333917520,3111744,2053464,0,1299,7,256683,1299,rq,256683,coded,58,3,81,,
run3,1000000,246,1791440361333952800,35280,2053456,0,2711,1,256682,2711,endio,256683,coded,58,7,169,,
run3,1000000,247,1791440361336677296,2724496,2053464,0,3297,5,256683,3297,rq,256683,coded,58,1,206,,
run3,1000000,248,1791440361336715232,37936,2053456,0,2774,1,256682,2774,endio,256683,coded,58,6,173,,
run3,1000000,249,1791440361339863456,3148224,2053472,0,133,5,256684,133,rq,256684,coded,59,5,8,,
run3,1000000,250,1791440361339900016,36560,2053464,0,3557,5,256683,3557,endio,256684,coded,59,5,222,,
run3,1000000,251,1791440361342776752,2876736,2053472,0,3848,5,256684,3848,rq,256684,parity,59,1,247,,
run3,1000000,252,1791440361342813744,36992,2053464,0,3249,1,256683,3249,endio,256684,coded,59,1,203,,
run3,1000000,253,1791440361345569280,2755536,2053480,0,755,0,256685,755,rq,256685,coded,60,3,47,,
run3,1000000,254,1791440361345605264,35984,2053472,0,311,7,256684,311,endio,256685,coded,60,7,19,,
run3,1000000,255,1791440361348520368,2915104,2053480,0,1326,3,256685,1326,rq,256685,coded,60,14,82,,
run3,1000000,256,1791440361348557728,37360,2053472,0,2949,5,256684,2949,endio,256685,coded,60,5,184,,
run3,1000000,257,1791440361351569584,3011856,2053488,0,3199,7,256686,3199,rq,256686,coded,61,15,199,,
run3,1000000,258,1791440361351605792,36208,2053480,0,3140,1,256685,3140,endio,256686,coded,61,4,196,,
run3,1000000,259,1791440361354632272,3026480,2053488,0,3319,5,256686,3319,rq,256686,coded,61,7,207,,
run3,1000000,260,1791440361354667344,35072,2053480,0,1687,6,256685,1687,endio,256686,coded,61,7,105,,
run3,1000000,261,1791440361357100816,2433472,2053496,0,1593,0,256687,1593,rq,256687,coded,62,9,99,,
run3,1000000,262,1791440361357140336,39520,2053488,0,2495,3,256686,2495,endio,256687,coded,62,15,155,,
run3,1000000,263,1791440361360290944,3150608,2053496,0,844,5,256687,844,rq,256687,coded,62,12,52,,
run3,1000000,264,1791440361360408688,117744,2053488,0,2486,0,256686,2486,endio,256687,coded,62,6,155,,
run3,1000000,265,1791440361363636224,3227536,2053504,0,1524,5,256688,1524,rq,256688,coded,63,4,95,,
run3,1000000,266,1791440361363670768,34544,2053496,0,914,0,256687,914,endio,256688,coded,63,2,57,,
run3,1000000,267,1791440361366932848,3262080,2053504,0,2868,2,256688,2868,rq,256688,coded,63,4,179,,
run3,1000000,268,1791440361366967456,34608,2053496,0,2929,7,256687,2929,endio,256688,coded,63,1,183,,
run3,1000000,269,1791440361370033952,3066496,2053512,0,1711,2,256689,1711,rq,256689,coded,64,15,106,,
run3,1000000,270,1791440361370067728,33776,2053504,0,432,4,256688,432,endio,256689,coded,64,0,27,,
run3,1000000,271,1791440361372816480,2748752,2053512,0,2573,3,256689,2573,rq,256689,coded,64,13,160,,
run3,1000000,272,1791440361372855584,39104,2053504,0,2083,6,256688,2083,endio,256689,coded,64,3,130,,
run3,1000000,273,1791440361375765632,2910048,2053520,0,2954,0,256690,2954,rq,256690,coded,65,10,184,,
run3,1000000,274,1791440361375799376,33744,2053512,0,779,0,256689,779,endio,256690,coded,65,11,48,,
run3,1000000,275,1791440361379824304,4024928,2053520,0,1855,6,256690,1855,rq,256690,coded,65,15,115,,
run3,1000000,276,1791440361379897936,73632,2053512,0,1992,6,256689,1992,endio,256690,coded,65,8,124,,
run3,1000000,277,1791440361384790320,4892384,2053528,0,3660,6,256691,3660,rq,256691,coded,66,12,228,,
run3,1000000,278,1791440361384833264,42944,2053520,0,294,7,256690,294,endio,256691,coded,66,6,18,,
run3,1000000,279,1791440361387911632,3078368,2053528,0,3243,0,256691,3243,rq,256691,coded,66,11,202,,
run3,1000000,280,1791440361387946288,34656,2053520,0,620,1,256690,620,endio,256691,coded,66,12,38,,
run3,1000000,281,1791440361390909328,2963040,2053536,0,2758,1,256692,2758,rq,256692,coded,67,6,172,,
run3,1000000,282,1791440361390944752,35424,2053528,0,675,0,256691,675,endio,256692,coded,67,3,42,,
run3,1000000,283,1791440361394508496,3563744,2053536,0,2152,2,256692,2152,rq,256692,coded,67,8,134,,
run3,1000000,284,1791440361394543632,35136,2053528,0,3445,5,256691,3445,endio,256692,coded,67,5,215,,
run3,1000000,285,1791440361397507584,2963952,2053544,0,230,2,256693,230,rq,256693,coded,68,6,14,,
run3,1000000,286,1791440361397541872,34288,2053536,0,1257,2,256692,1257,endio,256693,coded,68,9,78,,
run4,100000,0,1791445994999799344,,2053024,0,779,4,256628,779,ambiguous,,ambiguous,,,,,
run4,100000,1,1791445995009998048,10198704,2053040,0,3758,5,256630,3758,ambiguous,,ambiguous,,,,,
run4,100000,2,1791445995012318672,2320624,2053032,0,2392,7,256629,2392,ambiguous,,ambiguous,,,,,
run4,100000,3,1791445995017738048,5419376,2053056,0,2435,1,256632,2435,ambiguous,,ambiguous,,,,,
run4,100000,4,1791445995022043920,4305872,2053064,0,3040,7,256633,3040,ambiguous,,ambiguous,,,,,
run4,100000,5,1791445995025549968,3506048,2053056,0,1723,1,256632,1723,ambiguous,,ambiguous,,,,,
run4,100000,6,1791445995041120144,15570176,2053096,0,1946,6,256637,1946,ambiguous,,ambiguous,,,,,
run4,100000,7,1791445995048046048,6925904,2053096,0,576,2,256637,576,ambiguous,,ambiguous,,,,,
run4,100000,8,1791445995054337088,6291040,2053112,0,2086,0,256639,2086,ambiguous,,ambiguous,,,,,
run4,100000,9,1791445995057005232,2668144,2053112,0,488,1,256639,488,ambiguous,,ambiguous,,,,,
run4,100000,10,1791445995065233152,8227920,2053136,0,2058,5,256642,2058,ambiguous,,ambiguous,,,,,
run4,100000,11,1791445995071510144,6276992,2053152,0,2795,3,256644,2795,ambiguous,,ambiguous,,,,,
run4,100000,12,1791445995085061888,13551744,2053176,0,3845,2,256647,3845,ambiguous,,ambiguous,,,,,
run4,100000,13,1791445995087723328,2661440,2053176,0,1890,7,256647,1890,ambiguous,,ambiguous,,,,,
run4,100000,14,1791445995107884544,20161216,2053216,0,2862,6,256652,2862,ambiguous,,ambiguous,,,,,
run4,100000,15,1791445995115892224,8007680,2053240,0,291,4,256655,291,ambiguous,,ambiguous,,,,,
run4,100000,16,1791445995127897424,12005200,2053256,0,399,1,256657,399,ambiguous,,ambiguous,,,,,
run4,100000,17,1791445995130031168,2133744,2053264,0,2193,0,256658,2193,ambiguous,,ambiguous,,,,,
run4,100000,18,1791445995134066400,4035232,2053272,0,1210,3,256659,1210,ambiguous,,ambiguous,,,,,
run4,100000,19,1791445995136869760,2803360,2053272,0,2496,4,256659,2496,ambiguous,,ambiguous,,,,,
run4,100000,20,1791445995139177936,2308176,2053280,0,3965,2,256660,3965,ambiguous,,ambiguous,,,,,
run4,100000,21,1791445995141542112,2364176,2053288,0,753,3,256661,753,ambiguous,,ambiguous,,,,,
run4,100000,22,1791445995159632560,18090448,2053328,0,2369,7,256666,2369,ambiguous,,ambiguous,,,,,
run4,100000,23,1791445995165613664,5981104,2053336,0,3320,1,256667,3320,ambiguous,,ambiguous,,,,,
run4,100000,24,1791445995175893168,10279504,2053360,0,435,6,256670,435,ambiguous,,ambiguous,,,,,
run4,100000,25,1791445995183943536,8050368,2053368,0,2910,0,256671,2910,ambiguous,,ambiguous,,,,,
run4,100000,26,1791445995196181056,12237520,2053392,0,2678,3,256674,2678,ambiguous,,ambiguous,,,,,
run4,100000,27,1791445995198253888,2072832,2053408,0,1410,6,256676,1410,ambiguous,,ambiguous,,,,,
run4,100000,28,1791445995200395648,2141760,2053408,0,131,5,256676,131,ambiguous,,ambiguous,,,,,
run4,100000,29,1791445995209581504,9185856,2053424,0,3195,2,256678,3195,ambiguous,,ambiguous,,,,,
run4,100000,30,1791445995212895056,3313552,2053424,0,3854,4,256678,3854,ambiguous,,ambiguous,,,,,
run4,100000,31,1791445995215376624,2481568,2053440,0,2660,2,256680,2660,ambiguous,,ambiguous,,,,,
run4,100000,32,1791445995257208192,41831568,2053504,0,915,1,256688,915,ambiguous,,ambiguous,,,,,
run4,1000000,33,1791446048886277040,,2052992,0,1124,6,256624,1124,rq_alone,256624,coded,0,4,70,,
run4,1000000,34,1791446048888990000,2712960,2053000,0,2030,0,256625,2030,rq,256625,coded,1,14,126,,
run4,1000000,35,1791446048889028032,38032,2052992,0,1233,0,256624,1233,endio,256625,coded,1,1,77,,
run4,1000000,36,1791446048892107040,3079008,2053000,0,893,7,256625,893,rq,256625,coded,1,13,55,,
run4,1000000,37,1791446048892144432,37392,2052992,0,1020,7,256624,1020,endio,256625,coded,1,12,63,,
run4,1000000,38,1791446048895648208,3503776,2053008,0,1208,2,256626,1208,rq,256626,coded,2,8,75,,
run4,1000000,39,1791446048895690464,42256,2053000,0,2009,1,256625,2009,endio,256626,coded,2,9,125,,
run4,1000000,40,1791446048899347392,3656928,2053008,0,92,7,256626,92,rq,256626,coded,2,12,5,,
run4,1000000,41,1791446048899386304,38912,2053000,0,3583,6,256625,3583,endio,256626,coded,2,15,223,,
run4,1000000,42,1791446048902990624,3604320,2053016,0,1712,5,256627,1712,rq,256627,coded,3,0,107,,
run4,1000000,43,1791446048903029232,38608,2053008,0,4042,5,256626,4042,endio,256627,parity,3,13,249,,
run4,1000000,44,1791446048906282608,3253376,2053016,0,3799,0,256627,3799,rq,256627,coded,3,7,237,,
run4,1000000,45,1791446048906353792,71184,2053008,0,3744,3,256626,3744,endio,256627,coded,3,0,234,,
run4,1000000,46,1791446048909380400,3026608,2053024,0,1820,0,256628,1820,rq,256628,coded,4,12,113,,
run4,1000000,47,1791446048909416064,35664,2053016,0,2609,2,256627,2609,endio,256628,coded,4,1,163,,
run4,1000000,48,1791446048913398112,3982048,2053024,0,1354,0,256628,1354,rq,256628,coded,4,10,84,,
run4,1000000,49,1791446048913433104,34992,2053016,0,1628,4,256627,1628,endio,256628,coded,4,12,101,,
run4,1000000,50,1791446048916398368,2965264,2053032,0,1956,2,256629,1956,rq,256629,coded,5,4,122,,
run4,1000000,51,1791446048916433616,35248,2053024,0,886,4,256628,886,endio,256629,coded,5,6,55,,
run4,1000000,52,1791446048920097024,3663408,2053032,0,2803,0,256629,2803,rq,256629,coded,5,3,175,,
run4,1000000,53,1791446048920131984,34960,2053024,0,437,6,256628,437,endio,256629,coded,5,5,27,,
run4,1000000,54,1791446048923039296,2907312,2053040,0,1920,6,256630,1920,rq,256630,coded,6,0,120,,
run4,1000000,55,1791446048923076912,37616,2053032,0,3170,3,256629,3170,endio,256630,coded,6,2,198,,
run4,1000000,56,1791446048926021680,2944768,2053040,0,598,4,256630,598,rq,256630,coded,6,6,37,,
run4,1000000,57,1791446048926058352,36672,2053032,0,3967,3,256629,3967,endio,256630,parity,6,8,254,,
run4,1000000,58,1791446048928881904,2823552,2053048,0,3385,6,256631,3385,rq,256631,coded,7,9,211,,
run4,1000000,59,1791446048928919664,37760,2053040,0,324,7,256630,324,endio,256631,coded,7,4,20,,
run4,1000000,60,1791446048932145312,3225648,2053048,0,286,2,256631,286,rq,256631,coded,7,14,17,,
run4,1000000,61,1791446048932181168,35856,2053040,0,1060,1,256630,1060,endio,256631,coded,7,4,66,,
run4,1000000,62,1791446048935546400,3365232,2053056,0,106,5,256632,106,rq,256632,coded,8,10,6,,
run4,1000000,63,1791446048935581792,35392,2053048,0,3377,1,256631,3377,endio,256632,coded,8,1,211,,
run4,1000000,64,1791446048938705712,3123920,2053056,0,3103,3,256632,3103,rq,256632,coded,8,15,193,,
run4,1000000,65,1791446048938741328,35616,2053048,0,2075,4,256631,2075,endio,256632,coded,8,11,129,,
run4,1000000,66,1791446048941499424,2758096,2053064,0,654,1,256633,654,rq,256633,coded,9,14,40,,
run4,1000000,67,1791446048941534480,35056,2053056,0,605,0,256632,605,endio,256633,coded,9,13,37,,
run4,1000000,68,1791446048944852800,3318320,2053064,0,2442,6,256633,2442,rq,256633,coded,9,10,152,,
run4,1000000,69,1791446048944890896,38096,2053056,0,246,7,256632,246,endio,256633,coded,9,6,15,,
run4,1000000,70,1791446048948050112,3159216,2053072,0,566,6,256634,566,rq,256634,coded,10,6,35,,
run4,1000000,71,1791446048948086432,36320,2053064,0,1952,6,256633,1952,endio,256634,coded,10,0,122,,
run4,1000000,72,1791446048952713280,4626848,2053072,0,152,6,256634,152,rq,256634,coded,10,8,9,,
run4,1000000,73,1791446048952777232,63952,2053064,0,3609,3,256633,3609,endio,256634,coded,10,9,225,,
run4,1000000,74,1791446048956792064,4014832,2053080,0,2917,1,256635,2917,rq,256635,coded,11,5,182,,
run4,1000000,75,1791446048956828032,35968,2053072,0,584,2,256634,584,endio,256635,coded,11,8,36,,
run4,1000000,76,1791446048960556256,3728224,2053080,0,645,0,256635,645,rq,256635,coded,11,5,40,,
run4,1000000,77,1791446048960592768,36512,2053072,0,2914,5,256634,2914,endio,256635,coded,11,2,182,,
run4,1000000,78,1791446048964260400,3667632,2053080,0,2984,6,256635,2984,endio_alone,256636,indirect,,,,373,0
run4,1000000,79,1791446048969369712,5109312,2053096,0,784,6,256637,784,rq_alone,256637,coded,12,0,49,,
run4,1000000,80,1791446048972175712,2806000,2053096,0,2046,3,256637,2046,rq_alone,256637,coded,12,14,127,,
run4,1000000,81,1791446048974832032,2656320,2053104,0,238,1,256638,238,rq,256638,coded,13,14,14,,
run4,1000000,82,1791446048974869488,37456,2053096,0,2057,5,256637,2057,endio,256638,coded,13,9,128,,
run4,1000000,83,1791446048977980144,3110656,2053104,0,2462,0,256638,2462,rq,256638,coded,13,14,153,,
run4,1000000,84,1791446048978018416,38272,2053096,0,632,4,256637,632,endio,256638,coded,13,8,39,,
run4,1000000,85,1791446048980882592,2864176,2053112,0,1893,6,256639,1893,rq,256639,coded,14,5,118,,
run4,1000000,86,1791446048980922112,39520,2053104,0,2576,3,256638,2576,endio,256639,coded,14,0,161,,
run4,1000000,87,1791446048984573984,3651872,2053120,0,495,0,256640,495,rq,256640,coded,15,15,30,,
run4,1000000,88,1791446048984611392,37408,2053112,0,1183,0,256639,1183,endio,256640,coded,15,15,73,,
run4,1000000,89,1791446048987623504,3012112,2053120,0,2191,2,256640,2191,rq,256640,coded,15,15,136,,
run4,1000000,90,1791446048987660352,36848,2053112,0,304,7,256639,304,endio,256640,coded,15,0,19,,
run4,1000000,91,1791446048991555184,3894832,2053128,0,2892,2,256641,2892,rq,256641,coded,16,12,180,,
run4,1000000,92,1791446048991599792,44608,2053120,0,1046,0,256640,1046,endio,256641,coded,16,6,65,,
run4,1000000,93,1791446048994831264,3231472,2053128,0,1399,0,256641,1399,rq,256641,coded,16,7,87,,
run4,1000000,94,1791446048994867312,36048,2053120,0,111,1,256640,111,endio,256641,coded,16,15,6,,
run4,1000000,95,1791446048997949824,3082512,2053136,0,2971,0,256642,2971,rq,256642,coded,17,11,185,,
run4,1000000,96,1791446048997987168,37344,2053128,0,1330,0,256641,1330,endio,256642,coded,17,2,83,,
run4,1000000,97,1791446049000849920,2862752,2053136,0,1498,1,256642,1498,rq,256642,coded,17,10,93,,
run4,1000000,98,1791446049000885488,35568,2053128,0,3258,4,256641,3258,endio,256642,coded,17,10,203,,
run4,1000000,99,1791446049003271040,2385552,2053144,0,2109,2,256643,2109,rq,256643,coded,18,13,131,,
run4,1000000,100,1791446049003305008,33968,2053136,0,1869,5,256642,1869,endio,256643,coded,18,13,116,,
run4,1000000,101,1791446049005538032,2233024,2053144,0,625,3,256643,625,rq,256643,coded,18,1,39,,
run4,1000000,102,1791446049005572016,33984,2053136,0,2921,7,256642,2921,endio,256643,coded,18,9,182,,
run4,1000000,103,1791446049008776896,3204880,2053152,0,2913,1,256644,2913,rq,256644,coded,19,1,182,,
run4,1000000,104,1791446049008813744,36848,2053144,0,3249,6,256643,3249,endio,256644,coded,19,1,203,,
run4,1000000,105,1791446049011403008,2589264,2053152,0,1501,2,256644,1501,rq,256644,coded,19,13,93,,
run4,1000000,106,1791446049011437056,34048,2053144,0,1877,2,256643,1877,endio,256644,coded,19,5,117,,
run4,1000000,107,1791446049014263376,2826320,2053160,0,1878,4,256645,1878,rq,256645,coded,20,6,117,,
run4,1000000,108,1791446049014298464,35088,2053152,0,822,3,256644,822,endio,256645,coded,20,6,51,,
run4,1000000,109,1791446049016707568,2409104,2053160,0,1118,6,256645,1118,rq,256645,coded,20,14,69,,
run4,1000000,110,1791446049016741776,34208,2053152,0,1703,1,256644,1703,endio,256645,coded,20,7,106,,
run4,1000000,111,1791446049020000128,3258352,2053168,0,634,7,256646,634,rq,256646,coded,21,10,39,,
run4,1000000,112,1791446049020035184,35056,2053160,0,716,4,256645,716,endio,256646,coded,21,12,44,,
run4,1000000,113,1791446049023542176,3506992,2053168,0,1638,5,256646,1638,rq,256646,coded,21,6,102,,
run4,1000000,114,1791446049023576448,34272,2053160,0,774,6,256645,774,endio,256646,coded,21,6,48,,
run4,1000000,115,1791446049026005680,2429232,2053176,0,2631,5,256647,2631,rq,256647,coded,22,7,164,,
run4,1000000,116,1791446049026040576,34896,2053168,0,3728,0,256646,3728,endio,256647,coded,22,0,233,,
run4,1000000,117,1791446049029115952,3075376,2053176,0,517,4,256647,517,rq,256647,coded,22,5,32,,
run4,1000000,118,1791446049029150736,34784,2053168,0,1250,5,256646,1250,endio,256647,coded,22,2,78,,
run4,1000000,119,1791446049032484832,3334096,2053184,0,3040,2,256648,3040,rq,256648,coded,23,0,190,,
run4,1000000,120,1791446049032520688,35856,2053176,0,1625,2,256647,1625,endio,256648,coded,23,9,101,,
run4,1000000,121,1791446049035866560,3345872,2053184,0,2445,2,256648,2445,rq,256648,coded,23,13,152,,
run4,1000000,122,1791446049035902144,35584,2053176,0,1513,5,256647,1513,endio,256648,coded,23,9,94,,
run4,1000000,123,1791446049039337776,3435632,2053192,0,2057,2,256649,2057,rq,256649,coded,24,9,128,,
run4,1000000,124,1791446049039381904,44128,2053184,0,2151,0,256648,2151,endio,256649,coded,24,7,134,,
run4,1000000,125,1791446049042373040,2991136,2053192,0,3436,0,256649,3436,rq,256649,coded,24,12,214,,
run4,1000000,126,1791446049042410064,37024,2053184,0,3707,0,256648,3707,endio,256649,coded,24,11,231,,
run4,1000000,127,1791446049045403648,2993584,2053200,0,2668,4,256650,2668,rq,256650,coded,25,12,166,,
run4,1000000,128,1791446049045439296,35648,2053192,0,222,2,256649,222,endio,256650,coded,25,14,13,,
run4,1000000,129,1791446049048774912,3335616,2053200,0,948,3,256650,948,rq,256650,coded,25,4,59,,
run4,1000000,130,1791446049048813616,38704,2053192,0,1246,2,256649,1246,endio,256650,coded,25,14,77,,
run4,1000000,131,1791446049052153664,3340048,2053208,0,1213,4,256651,1213,rq,256651,coded,26,13,75,,
run4,1000000,132,1791446049052189472,35808,2053200,0,2952,0,256650,2952,endio,256651,coded,26,8,184,,
run4,1000000,133,1791446049056133680,3944208,2053208,0,2467,2,256651,2467,rq,256651,coded,26,3,154,,
run4,1000000,134,1791446049056174096,40416,2053200,0,2605,2,256650,2605,endio,256651,coded,26,13,162,,
run4,1000000,135,1791446049059565456,3391360,2053216,0,3398,7,256652,3398,rq,256652,coded,27,6,212,,
run4,1000000,136,1791446049059601680,36224,2053208,0,481,0,256651,481,endio,256652,coded,27,1,30,,
run4,1000000,137,1791446049063239136,3637456,2053216,0,1053,7,256652,1053,rq,256652,coded,27,13,65,,
run4,1000000,138,1791446049063275184,36048,2053208,0,926,3,256651,926,endio,256652,coded,27,14,57,,
run4,1000000,139,1791446049066316320,3041136,2053224,0,757,3,256653,757,rq,256653,coded,28,5,47,,
run4,1000000,140,1791446049066352208,35888,2053216,0,2592,2,256652,2592,endio,256653,coded,28,0,162,,
run4,1000000,141,1791446049069340016,2987808,2053232,0,1037,6,256654,1037,rq,256654,coded,29,13,64,,
run4,1000000,142,1791446049069374736,34720,2053224,0,1232,6,256653,1232,endio,256654,coded,29,0,77,,
run4,1000000,143,1791446049072527376,3152640,2053232,0,1513,7,256654,1513,rq,256654,coded,29,9,94,,
run4,1000000,144,1791446049072563424,36048,2053224,0,1862,4,256653,1862,endio,256654,coded,29,6,116,,
run4,1000000,145,1791446049075746592,3183168,2053240,0,1401,2,256655,1401,rq,256655,coded,30,9,87,,
run4,1000000,146,1791446049075782576,35984,2053232,0,3586,0,256654,3586,endio,256655,coded,30,2,224,,
run4,1000000,147,1791446049079061168,3278592,2053240,0,2168,4,256655,2168,rq,256655,coded,30,8,135,,
run4,1000000,148,1791446049079101520,40352,2053232,0,1082,3,256654,1082,endio,256655,coded,30,10,67,,
run4,1000000,149,1791446049082777568,3676048,2053248,0,1048,0,256656,1048,rq,256656,coded,31,8,65,,
run4,1000000,150,1791446049082814032,36464,2053240,0,3044,2,256655,3044,endio,256656,coded,31,4,190,,
run4,1000000,151,1791446049086339536,3525504,2053248,0,3772,1,256656,3772,rq,256656,coded,31,12,235,,
run4,1000000,152,1791446049086425728,86192,2053240,0,3402,0,256655,3402,endio,256656,coded,31,10,212,,
run4,1000000,153,1791446049090321024,3895296,2053256,0,3422,7,256657,3422,rq,256657,coded,32,14,213,,
run4,1000000,154,1791446049090358560,37536,2053248,0,2860,3,256656,2860,endio,256657,coded,32,12,178,,
run4,1000000,155,1791446049093675456,3316896,2053256,0,1215,7,256657,1215,rq,256657,coded,32,15,75,,
run4,1000000,156,1791446049093713040,37584,2053248,0,2933,6,256656,2933,endio,256657,coded,32,5,183,,
run4,1000000,157,1791446049097258544,3545504,2053264,0,548,0,256658,548,rq,256658,coded,33,4,34,,
run4,1000000,158,1791446049097298544,40000,2053256,0,107,0,256657,107,endio,256658,coded,33,11,6,,
run4,1000000,159,1791446049100541456,3242912,2053264,0,1124,3,256658,1124,rq,256658,coded,33,4,70,,
run4,1000000,160,1791446049100578560,37104,2053256,0,4052,5,256657,4052,endio,256658,parity,33,14,243,,
run4,1000000,161,1791446049104117184,3538624,2053272,0,337,5,256659,337,rq,256659,coded,34,1,21,,
run4,1000000,162,1791446049104154272,37088,2053264,0,2028,4,256658,2028,endio,256659,coded,34,12,126,,
run4,1000000,163,1791446049107378528,3224256,2053272,0,684,6,256659,684,rq,256659,coded,34,12,42,,
run4,1000000,164,1791446049107420896,42368,2053264,0,2092,4,256658,2092,endio,256659,coded,34,12,130,,
run4,1000000,165,1791446049110054960,2634064,2053280,0,2994,2,256660,2994,rq,256660,coded,35,2,187,,
run4,1000000,166,1791446049110091968,37008,2053272,0,716,6,256659,716,endio,256660,coded,35,12,44,,
run4,1000000,167,1791446049113477936,3385968,2053280,0,1106,7,256660,1106,rq,256660,coded,35,2,69,,
run4,1000000,168,1791446049113516544,38608,2053272,0,2325,4,256659,2325,endio,256660,coded,35,5,145,,
run4,1000000,169,1791446049116622592,3106048,2053288,0,133,7,256661,133,rq,256661,coded,36,5,8,,
run4,1000000,170,1791446049116657232,34640,2053280,0,4059,0,256660,4059,endio,256661,parity,36,14,250,,
run4,1000000,171,1791446049119777504,3120272,2053288,0,2728,0,256661,2728,rq,256661,coded,36,8,170,,
run4,1000000,172,1791446049119813392,35888,2053280,0,2197,4,256660,2197,endio,256661,coded,36,5,137,,
run4,1000000,173,1791446049122886192,3072800,2053296,0,1930,4,256662,1930,rq,256662,coded,37,10,120,,
run4,1000000,174,1791446049122921664,35472,2053288,0,3780,6,256661,3780,endio,256662,coded,37,4,236,,
run4,1000000,175,1791446049125689632,2767968,2053296,0,2222,2,256662,2222,rq,256662,coded,37,14,138,,
run4,1000000,176,1791446049125724720,35088,2053288,0,1434,3,256661,1434,endio,256662,coded,37,10,89,,
run4,1000000,177,1791446049128819792,3095072,2053304,0,3472,4,256663,3472,rq,256663,coded,38,0,217,,
run4,1000000,178,1791446049128854672,34880,2053296,0,2390,2,256662,2390,endio,256663,coded,38,6,149,,
run4,1000000,179,1791446049131885136,3030464,2053304,0,216,6,256663,216,rq,256663,coded,38,8,13,,
run4,1000000,180,1791446049131919696,34560,2053296,0,115,3,256662,115,endio,256663,coded,38,3,7,,
run4,1000000,181,1791446049135245152,3325456,2053312,0,3161,1,256664,3161,rq,256664,coded,39,9,197,,
run4,1000000,182,1791446049135281344,36192,2053304,0,1381,4,256663,1381,endio,256664,coded,39,5,86,,
run4,1000000,183,1791446049138243776,2962432,2053312,0,2215,3,256664,2215,rq,256664,coded,39,7,138,,
run4,1000000,184,1791446049138277792,34016,2053304,0,3054,1,256663,3054,endio,256664,coded,39,14,190,,
run4,1000000,185,1791446049141084688,2806896,2053320,0,172,1,256665,172,rq,256665,coded,40,12,10,,
run4,1000000,186,1791446049141126432,41744,2053312,0,2554,7,256664,2554,endio,256665,coded,40,10,159,,
run4,1000000,187,1791446049144493472,3367040,2053320,0,1412,4,256665,1412,rq,256665,coded,40,4,88,,
run4,1000000,188,1791446049144532144,38672,2053312,0,904,0,256664,904,endio,256665,coded,40,8,56,,
run4,1000000,189,1791446049147574560,3042416,2053328,0,886,1,256666,886,rq,256666,coded,41,6,55,,
run4,1000000,190,1791446049147612480,37920,2053320,0,2503,3,256665,2503,endio,256666,coded,41,7,156,,
run4,1000000,191,1791446049150933920,3321440,2053328,0,1461,2,256666,1461,rq,256666,coded,41,5,91,,
run4,1000000,192,1791446049150972144,38224,2053320,0,1709,2,256665,1709,endio,256666,coded,41,13,106,,
run4,1000000,193,1791446049153745296,2773152,2053336,0,3394,0,256667,3394,rq,256667,coded,42,2,212,,
run4,1000000,194,1791446049153792976,47680,2053328,0,695,1,256666,695,endio,256667,coded,42,7,43,,
run4,1000000,195,1791446049156813280,3020304,2053344,0,2853,7,256668,2853,rq,256668,coded,43,5,178,,
run4,1000000,196,1791446049156848320,35040,2053336,0,2858,6,256667,2858,endio,256668,coded,43,10,178,,
run4,1000000,197,1791446049160357008,3508688,2053344,0,2667,3,256668,2667,rq,256668,coded,43,11,166,,
run4,1000000,198,1791446049160394656,37648,2053336,0,2499,4,256667,2499,endio,256668,coded,43,3,156,,
run4,1000000,199,1791446049163620352,3225696,2053352,0,2235,7,256669,2235,rq,256669,coded,44,11,139,,
run4,1000000,200,1791446049163656512,36160,2053344,0,1486,3,256668,1486,endio,256669,coded,44,14,92,,
run4,1000000,201,1791446049166877344,3220832,2053352,0,3101,0,256669,3101,rq,256669,coded,44,13,193,,
run4,1000000,202,1791446049166915296,37952,2053344,0,218,4,256668,218,endio,256669,coded,44,10,13,,
run4,1000000,203,1791446049170139536,3224240,2053360,0,2054,3,256670,2054,rq,256670,coded,45,6,128,,
run4,1000000,204,1791446049170181024,41488,2053352,0,3045,4,256669,3045,endio,256670,coded,45,5,190,,
run4,1000000,205,1791446049173106096,2925072,2053360,0,2603,1,256670,2603,rq,256670,coded,45,11,162,,
run4,1000000,206,1791446049173144352,38256,2053352,0,1158,6,256669,1158,endio,256670,coded,45,6,72,,
run4,1000000,207,1791446049177000640,3856288,2053368,0,1520,0,256671,1520,rq,256671,coded,46,0,95,,
run4,1000000,208,1791446049177037056,36416,2053360,0,3257,3,256670,3257,endio,256671,coded,46,9,203,,
run4,1000000,209,1791446049180726368,3689312,2053368,0,1482,6,256671,1482,rq,256671,coded,46,10,92,,
run4,1000000,210,1791446049180770304,43936,2053360,0,1862,0,256670,1862,endio,256671,coded,46,6,116,,
run4,1000000,211,1791446049183904400,3134096,2053376,0,830,4,256672,830,rq,256672,coded,47,14,51,,
run4,1000000,212,1791446049183940256,35856,2053368,0,3773,5,256671,3773,endio,256672,coded,47,13,235,,
run4,1000000,213,1791446049187153616,3213360,2053376,0,327,6,256672,327,rq,256672,coded,47,7,20,,
run4,1000000,214,1791446049187189920,36304,2053368,0,2107,0,256671,2107,endio,256672,coded,47,11,131,,
run4,1000000,215,1791446049190093552,2903632,2053384,0,2906,5,256673,2906,rq,256673,coded,48,10,181,,
run4,1000000,216,1791446049190161248,67696,2053376,0,551,2,256672,551,endio,256673,coded,48,7,34,,
run4,1000000,217,1791446049193570240,3408992,2053384,0,3655,5,256673,3655,rq,256673,coded,48,7,228,,
run4,1000000,218,1791446049193605936,35696,2053376,0,1539,6,256672,1539,endio,256673,coded,48,3,96,,
run4,1000000,219,1791446049196586032,2980096,2053392,0,4080,6,256674,4080,rq,256674,tail,49,,,,
run4,1000000,220,1791446049196621056,35024,2053384,0,3114,7,256673,3114,endio,256674,coded,49,10,194,,
run4,1000000,221,1791446049199038704,2417648,2053392,0,2781,4,256674,2781,rq,256674,coded,49,13,173,,
run4,1000000,222,1791446049199074224,35520,2053384,0,2251,6,256673,2251,endio,256674,coded,49,11,140,,
run4,1000000,223,1791446049201753584,2679360,2053400,0,1829,6,256675,1829,rq,256675,coded,50,5,114,,
run4,1000000,224,1791446049201793584,40000,2053392,0,629,6,256674,629,endio,256675,coded,50,5,39,,
run4,1000000,225,1791446049204302112,2508528,2053400,0,1089,6,256675,1089,rq,256675,coded,50,1,68,,
run4,1000000,226,1791446049204337136,35024,2053392,0,368,6,256674,368,endio,256675,coded,50,0,23,,
run4,1000000,227,1791446049207594496,3257360,2053408,0,2478,3,256676,2478,rq,256676,coded,51,14,154,,
run4,1000000,228,1791446049207629712,35216,2053400,0,1742,3,256675,1742,endio,256676,coded,51,14,108,,
run4,1000000,229,1791446049210093680,2463968,2053408,0,3132,2,256676,3132,rq,256676,coded,51,12,195,,
run4,1000000,230,1791446049210130096,36416,2053400,0,255,3,256675,255,endio,256676,coded,51,15,15,,
run4,1000000,231,1791446049213006016,2875920,2053416,0,1532,4,256677,1532,rq,256677,coded,52,12,95,,
run4,1000000,232,1791446049213040736,34720,2053408,0,2329,2,256676,2329,endio,256677,coded,52,9,145,,
run4,1000000,233,1791446049216188496,3147760,2053416,0,954,5,256677,954,rq,256677,coded,52,10,59,,
run4,1000000,234,1791446049216223008,34512,2053408,0,2201,4,256676,2201,endio,256677,coded,52,9,137,,
run4,1000000,235,1791446049219103904,2880896,2053424,0,2871,1,256678,2871,rq,256678,coded,53,7,179,,
run4,1000000,236,1791446049219138400,34496,2053416,0,3083,6,256677,3083,endio,256678,coded,53,11,192,,
run4,1000000,237,1791446049222010624,2872224,2053424,0,3043,4,256678,3043,rq,256678,coded,53,3,190,,
run4,1000000,238,1791446049222045600,34976,2053416,0,1917,5,256677,1917,endio,256678,coded,53,13,119,,
run4,1000000,239,1791446049225468016,3422416,2053432,0,3405,6,256679,3405,rq,256679,coded,54,13,212,,
run4,1000000,240,1791446049225503040,35024,2053424,0,2549,5,256678,2549,endio,256679,coded,54,5,159,,
run4,1000000,241,1791446049228500528,2997488,2053432,0,2071,3,256679,2071,rq,256679,coded,54,7,129,,
run4,1000000,242,1791446049228534528,34000,2053424,0,3948,1,256678,3948,endio,256679,parity,54,7,251,,
run4,1000000,243,1791446049231410352,2875824,2053440,0,3244,1,256680,3244,rq,256680,coded,55,12,202,,
run4,1000000,244,1791446049231444144,33792,2053432,0,962,3,256679,962,endio,256680,coded,55,2,60,,
run4,1000000,245,1791446049234262768,2818624,2053440,0,240,5,256680,240,rq,256680,coded,55,0,15,,
run4,1000000,246,1791446049234296848,34080,2053432,0,3737,5,256679,3737,endio,256680,coded,55,9,233,,
run4,1000000,247,1791446049237075296,2778448,2053448,0,1274,2,256681,1274,rq,256681,coded,56,10,79,,
run4,1000000,248,1791446049237109424,34128,2053440,0,1751,4,256680,1751,endio,256681,coded,56,7,109,,
run4,1000000,249,1791446049240148656,3039232,2053456,0,3911,3,256682,3911,rq,256682,parity,57,5,246,,
run4,1000000,250,1791446049240183760,35104,2053448,0,40,3,256681,40,endio,256682,coded,57,8,2,,
run4,1000000,251,1791446049243000368,2816608,2053456,0,392,2,256682,392,rq,256682,coded,57,8,24,,
run4,1000000,252,1791446049243036784,36416,2053448,0,1872,6,256681,1872,endio,256682,coded,57,0,117,,
run4,1000000,253,1791446049245828112,2791328,2053464,0,3945,3,256683,3945,rq,256683,parity,58,7,248,,
run4,1000000,254,1791446049245872256,44144,2053456,0,3934,5,256682,3934,endio,256683,parity,58,6,253,,
run4,1000000,255,1791446049249249152,3376896,2053464,0,2274,7,256683,2274,rq,256683,coded,58,2,142,,
run4,1000000,256,1791446049249285360,36208,2053456,0,2220,4,256682,2220,endio,256683,coded,58,12,138,,
run4,1000000,257,1791446049252292624,3007264,2053472,0,2598,7,256684,2598,rq,256684,coded,59,6,162,,
run4,1000000,258,1791446049252340720,48096,2053464,0,2964,1,256683,2964,endio,256684,coded,59,4,185,,
run4,1000000,259,1791446049255669040,3328320,2053472,0,2574,2,256684,2574,rq,256684,coded,59,14,160,,
run4,1000000,260,1791446049255706320,37280,2053464,0,3351,1,256683,3351,endio,256684,coded,59,7,209,,
run4,1000000,261,1791446049258650048,2943728,2053480,0,1346,5,256685,1346,rq,256685,coded,60,2,84,,
run4,1000000,262,1791446049258685424,35376,2053472,0,3688,5,256684,3688,endio,256685,coded,60,8,230,,
run4,1000000,263,1791446049261366992,2681568,2053480,0,683,6,256685,683,rq,256685,coded,60,11,42,,
run4,1000000,264,1791446049261403232,36240,2053472,0,2855,0,256684,2855,endio,256685,coded,60,7,178,,
run4,1000000,265,1791446049264283968,2880736,2053488,0,1381,2,256686,1381,rq,256686,coded,61,5,86,,
run4,1000000,266,1791446049264348000,64032,2053480,0,1167,5,256685,1167,endio,256686,coded,61,15,72,,
run4,1000000,267,1791446049268985392,4637392,2053488,0,2715,2,256686,2715,rq,256686,coded,61,11,169,,
run4,1000000,268,1791446049269022368,36976,2053480,0,393,1,256685,393,endio,256686,coded,61,9,24,,
run4,1000000,269,1791446049273011328,3988960,2053496,0,2277,7,256687,2277,rq,256687,coded,62,5,142,,
run4,1000000,270,1791446049273080368,69040,2053488,0,2309,6,256686,2309,endio,256687,coded,62,5,144,,
run4,1000000,271,1791446049276090944,3010576,2053496,0,617,6,256687,617,rq,256687,coded,62,9,38,,
run4,1000000,272,1791446049276128432,37488,2053488,0,2511,2,256686,2511,endio,256687,coded,62,15,156,,
run4,1000000,273,1791446049279618528,3490096,2053504,0,4021,3,256688,4021,rq,256688,parity,63,12,244,,
run4,1000000,274,1791446049279657568,39040,2053496,0,986,2,256687,986,endio,256688,coded,63,10,61,,
run4,1000000,275,1791446049282802896,3145328,2053504,0,3036,0,256688,3036,rq,256688,coded,63,12,189,,
run4,1000000,276,1791446049282839344,36448,2053496,0,1202,4,256687,1202,endio,256688,coded,63,2,75,,
run4,1000000,277,1791446049285599744,2760400,2053512,0,544,3,256689,544,rq,256689,coded,64,0,34,,
run4,1000000,278,1791446049285636816,37072,2053504,0,2192,5,256688,2192,endio,256689,coded,64,0,137,,
run4,1000000,279,1791446049288988480,3351664,2053512,0,391,6,256689,391,rq,256689,coded,64,7,24,,
run4,1000000,280,1791446049289052800,64320,2053504,0,2075,2,256688,2075,endio,256689,coded,64,11,129,,
run4,1000000,281,1791446049294184768,5131968,2053520,0,754,5,256690,754,rq,256690,coded,65,2,47,,
run4,1000000,282,1791446049294227072,42304,2053512,0,3234,6,256689,3234,endio,256690,coded,65,2,202,,
run4,1000000,283,1791446049297041776,2814704,2053520,0,1672,5,256690,1672,rq,256690,coded,65,8,104,,
run4,1000000,284,1791446049297078528,36752,2053512,0,2827,4,256689,2827,endio,256690,coded,65,11,176,,
run4,1000000,285,1791446049300156384,3077856,2053528,0,1008,7,256691,1008,rq,256691,coded,66,0,63,,
run4,1000000,286,1791446049300192416,36032,2053520,0,2146,1,256690,2146,endio,256691,coded,66,2,134,,
run4,1000000,287,1791446049303656640,3464224,2053528,0,220,3,256691,220,rq,256691,coded,66,12,13,,
run4,1000000,288,1791446049303692512,35872,2053520,0,3155,7,256690,3155,endio,256691,coded,66,3,197,,
run4,1000000,289,1791446049306668272,2975760,2053536,0,948,3,256692,948,rq,256692,coded,67,4,59,,
run4,1000000,290,1791446049306704336,36064,2053528,0,3565,5,256691,3565,endio,256692,coded,67,13,222,,
run4,1000000,291,1791446049309683536,2979200,2053536,0,414,4,256692,414,rq,256692,coded,67,14,25,,
run4,1000000,292,1791446049309718976,35440,2053528,0,3172,7,256691,3172,endio,256692,coded,67,4,198,,
run4,1000000,293,1791446049312749504,3030528,2053544,0,4012,2,256693,4012,rq,256693,parity,68,11,251,,
run4,1000000,294,1791446049312785552,36048,2053536,0,3552,4,256692,3552,endio,256693,coded,68,0,222,,
