run,fs,prob_ppm,attack_record,call_delta,flip_delta,cat_rc,hash_match,outcome,rs_corrected_lines,dmesg_uncorrectable,dmesg_eio,bits_diff,n_ranges,ranges_bytes,target_ranges,remount_verdict,remount_files_changed,flip_log_entries,flip_log_sha256
run2,beamfs,1000,1,267,0,0,1,no_flip,0,0,0,0,69,1103,"2052992:2053000,2053000:2053008,2053008:2053016,2053016:2053024,2053024:2053032,2053032:2053040,2053040:2053048,2053048:2053056,2053056:2053064,2053064:2053072,2053072:2053080,2053080:2053088,2053096:2053104,2053104:2053112,2053112:2053120,2053120:2053128,2053128:2053136,2053136:2053144,2053144:2053152,2053152:2053160,2053160:2053168,2053168:2053176,2053176:2053184,2053184:2053192,2053192:2053200,2053200:2053208,2053208:2053216,2053216:2053224,2053224:2053232,2053232:2053240,2053240:2053248,2053248:2053256,2053256:2053264,2053264:2053272,2053272:2053280,2053280:2053288,2053288:2053296,2053296:2053304,2053304:2053312,2053312:2053320,2053320:2053328,2053328:2053336,2053336:2053344,2053344:2053352,2053352:2053360,2053360:2053368,2053368:2053376,2053376:2053384,2053384:2053392,2053392:2053400,2053400:2053408,2053408:2053416,2053416:2053424,2053424:2053432,2053432:2053440,2053440:2053448,2053448:2053456,2053456:2053464,2053464:2053472,2053472:2053480,2053480:2053488,2053488:2053496,2053496:2053504,2053504:2053512,2053512:2053520,2053520:2053528,2053528:2053536,2053536:2053544,2053544:2053552",MOUNTED,0,0,8fcf0d211fa6ab1de19aef853a2ad76218e3ffb1a51bbe0cd73bf1c56f1f0add
run2,beamfs,100000,1,265,20,0,1,intact,10,0,0,0,69,1103,"2052992:2053000,2053000:2053008,2053008:2053016,2053016:2053024,2053024:2053032,2053032:2053040,2053040:2053048,2053048:2053056,2053056:2053064,2053064:2053072,2053072:2053080,2053080:2053088,2053096:2053104,2053104:2053112,2053112:2053120,2053120:2053128,2053128:2053136,2053136:2053144,2053144:2053152,2053152:2053160,2053160:2053168,2053168:2053176,2053176:2053184,2053184:2053192,2053192:2053200,2053200:2053208,2053208:2053216,2053216:2053224,2053224:2053232,2053232:2053240,2053240:2053248,2053248:2053256,2053256:2053264,2053264:2053272,2053272:2053280,2053280:2053288,2053288:2053296,2053296:2053304,2053304:2053312,2053312:2053320,2053320:2053328,2053328:2053336,2053336:2053344,2053344:2053352,2053352:2053360,2053360:2053368,2053368:2053376,2053376:2053384,2053384:2053392,2053392:2053400,2053400:2053408,2053408:2053416,2053416:2053424,2053424:2053432,2053432:2053440,2053440:2053448,2053448:2053456,2053456:2053464,2053464:2053472,2053472:2053480,2053480:2053488,2053488:2053496,2053496:2053504,2053504:2053512,2053512:2053520,2053520:2053528,2053528:2053536,2053536:2053544,2053544:2053552",MOUNTED,0,20,273e027ec5e004c2d726140c9c44f8fe7d5123d1704ee72e290e28a80c95c939
run2,beamfs,1000000,1,265,265,0,1,intact,10,0,0,0,69,1103,"2052992:2053000,2053000:2053008,2053008:2053016,2053016:2053024,2053024:2053032,2053032:2053040,2053040:2053048,2053048:2053056,2053056:2053064,2053064:2053072,2053072:2053080,2053080:2053088,2053096:2053104,2053104:2053112,2053112:2053120,2053120:2053128,2053128:2053136,2053136:2053144,2053144:2053152,2053152:2053160,2053160:2053168,2053168:2053176,2053176:2053184,2053184:2053192,2053192:2053200,2053200:2053208,2053208:2053216,2053216:2053224,2053224:2053232,2053232:2053240,2053240:2053248,2053248:2053256,2053256:2053264,2053264:2053272,2053272:2053280,2053280:2053288,2053288:2053296,2053296:2053304,2053304:2053312,2053312:2053320,2053320:2053328,2053328:2053336,2053336:2053344,2053344:2053352,2053352:2053360,2053360:2053368,2053368:2053376,2053376:2053384,2053384:2053392,2053392:2053400,2053400:2053408,2053408:2053416,2053416:2053424,2053424:2053432,2053432:2053440,2053440:2053448,2053448:2053456,2053456:2053464,2053464:2053472,2053472:2053480,2053480:2053488,2053488:2053496,2053496:2053504,2053504:2053512,2053512:2053520,2053520:2053528,2053528:2053536,2053536:2053544,2053544:2053552",MOUNTED,0,285,3339efbfd536c093b1da68a74dc34592638ef10c780306395201d2438cfb5bd4
run2,ext4,1000,1,1,0,0,1,no_flip,0,0,0,0,1,17,25428480:25428992,MOUNTED,0,285,3339efbfd536c093b1da68a74dc34592638ef10c780306395201d2438cfb5bd4
run2,ext4,100000,1,1,0,0,1,no_flip,0,0,0,0,1,17,25428480:25428992,MOUNTED,0,285,3339efbfd536c093b1da68a74dc34592638ef10c780306395201d2438cfb5bd4
run2,ext4,1000000,1,1,1,0,0,silent_corruption,0,0,0,1,1,17,25428480:25428992,MOUNTED,0,286,66d92542c4f231e0b1f62f4f061f3c43e47150c68ae44c85078adea15fc2251d
run2,squashfs,1000,0,,,,,not_exercised,,,,,0,0,,MOUNTED,0,,
run2,squashfs,100000,0,,,,,not_exercised,,,,,0,0,,MOUNTED,0,,
run2,squashfs,1000000,0,,,,,not_exercised,,,,,0,0,,MOUNTED,0,,
run2,ext3,1000,1,3,0,0,1,no_flip,0,0,0,0,2,31,"25694208:25694336,144256:144640",MOUNTED,0,286,66d92542c4f231e0b1f62f4f061f3c43e47150c68ae44c85078adea15fc2251d
run2,ext3,100000,1,3,0,0,1,no_flip,0,0,0,0,2,31,"25694208:25694336,144256:144640",MOUNTED,0,286,66d92542c4f231e0b1f62f4f061f3c43e47150c68ae44c85078adea15fc2251d
run2,ext3,1000000,1,3,3,0,0,silent_corruption,0,0,0,2,2,31,"25694208:25694336,144256:144640",MOUNTED,0,289,14c93672df25963eeada6498faa9eb0c036321f8922f72ce5074ca066a22b340
run2,btrfs,1000,1,1,0,0,1,no_flip,0,0,0,0,1,11,28672:29184,MOUNTED,0,289,14c93672df25963eeada6498faa9eb0c036321f8922f72ce5074ca066a22b340
run2,btrfs,100000,1,1,0,0,1,no_flip,0,0,0,0,1,11,28672:29184,MOUNTED,0,289,14c93672df25963eeada6498faa9eb0c036321f8922f72ce5074ca066a22b340
run2,btrfs,1000000,1,2,2,1,0,read_refused,0,0,0,0,1,11,28672:29184,MOUNTED,0,291,726cacd581f8b904b0f760ad11ea79eb40d0f59aaf701ebef342a25b3b791ac5
run3,beamfs,1000,1,267,0,0,1,no_flip,0,0,0,0,69,1103,"2052992:2053000,2053000:2053008,2053008:2053016,2053016:2053024,2053024:2053032,2053032:2053040,2053040:2053048,2053048:2053056,2053056:2053064,2053064:2053072,2053072:2053080,2053080:2053088,2053096:2053104,2053104:2053112,2053112:2053120,2053120:2053128,2053128:2053136,2053136:2053144,2053144:2053152,2053152:2053160,2053160:2053168,2053168:2053176,2053176:2053184,2053184:2053192,2053192:2053200,2053200:2053208,2053208:2053216,2053216:2053224,2053224:2053232,2053232:2053240,2053240:2053248,2053248:2053256,2053256:2053264,2053264:2053272,2053272:2053280,2053280:2053288,2053288:2053296,2053296:2053304,2053304:2053312,2053312:2053320,2053320:2053328,2053328:2053336,2053336:2053344,2053344:2053352,2053352:2053360,2053360:2053368,2053368:2053376,2053376:2053384,2053384:2053392,2053392:2053400,2053400:2053408,2053408:2053416,2053416:2053424,2053424:2053432,2053432:2053440,2053440:2053448,2053448:2053456,2053456:2053464,2053464:2053472,2053472:2053480,2053480:2053488,2053488:2053496,2053496:2053504,2053504:2053512,2053512:2053520,2053520:2053528,2053528:2053536,2053536:2053544,2053544:2053552",MOUNTED,0,0,8fcf0d211fa6ab1de19aef853a2ad76218e3ffb1a51bbe0cd73bf1c56f1f0add
run3,beamfs,100000,1,265,22,0,1,intact,10,0,0,0,69,1103,"2052992:2053000,2053000:2053008,2053008:2053016,2053016:2053024,2053024:2053032,2053032:2053040,2053040:2053048,2053048:2053056,2053056:2053064,2053064:2053072,2053072:2053080,2053080:2053088,2053096:2053104,2053104:2053112,2053112:2053120,2053120:2053128,2053128:2053136,2053136:2053144,2053144:2053152,2053152:2053160,2053160:2053168,2053168:2053176,2053176:2053184,2053184:2053192,2053192:2053200,2053200:2053208,2053208:2053216,2053216:2053224,2053224:2053232,2053232:2053240,2053240:2053248,2053248:2053256,2053256:2053264,2053264:2053272,2053272:2053280,2053280:2053288,2053288:2053296,2053296:2053304,2053304:2053312,2053312:2053320,2053320:2053328,2053328:2053336,2053336:2053344,2053344:2053352,2053352:2053360,2053360:2053368,2053368:2053376,2053376:2053384,2053384:2053392,2053392:2053400,2053400:2053408,2053408:2053416,2053416:2053424,2053424:2053432,2053432:2053440,2053440:2053448,2053448:2053456,2053456:2053464,2053464:2053472,2053472:2053480,2053480:2053488,2053488:2053496,2053496:2053504,2053504:2053512,2053512:2053520,2053520:2053528,2053528:2053536,2053536:2053544,2053544:2053552",MOUNTED,0,22,026d10167a504b1377204b6c0f5ff1546a9cca579dbf89666548296afcd8005e
run3,beamfs,1000000,1,265,265,0,1,intact,10,0,0,0,69,1103,"2052992:2053000,2053000:2053008,2053008:2053016,2053016:2053024,2053024:2053032,2053032:2053040,2053040:2053048,2053048:2053056,2053056:2053064,2053064:2053072,2053072:2053080,2053080:2053088,2053096:2053104,2053104:2053112,2053112:2053120,2053120:2053128,2053128:2053136,2053136:2053144,2053144:2053152,2053152:2053160,2053160:2053168,2053168:2053176,2053176:2053184,2053184:2053192,2053192:2053200,2053200:2053208,2053208:2053216,2053216:2053224,2053224:2053232,2053232:2053240,2053240:2053248,2053248:2053256,2053256:2053264,2053264:2053272,2053272:2053280,2053280:2053288,2053288:2053296,2053296:2053304,2053304:2053312,2053312:2053320,2053320:2053328,2053328:2053336,2053336:2053344,2053344:2053352,2053352:2053360,2053360:2053368,2053368:2053376,2053376:2053384,2053384:2053392,2053392:2053400,2053400:2053408,2053408:2053416,2053416:2053424,2053424:2053432,2053432:2053440,2053440:2053448,2053448:2053456,2053456:2053464,2053464:2053472,2053472:2053480,2053480:2053488,2053488:2053496,2053496:2053504,2053504:2053512,2053512:2053520,2053520:2053528,2053528:2053536,2053536:2053544,2053544:2053552",MOUNTED,0,287,5dc1c7c33f770a70cc960dc8e47a1e2d12db38a732519e6c59f269b8b1d7000a
run3,ext4,1000,1,1,0,0,1,no_flip,0,0,0,0,1,15,8651264:8651776,MOUNTED,0,287,5dc1c7c33f770a70cc960dc8e47a1e2d12db38a732519e6c59f269b8b1d7000a
run3,ext4,100000,1,1,0,0,1,no_flip,0,0,0,0,1,15,8651264:8651776,MOUNTED,0,287,5dc1c7c33f770a70cc960dc8e47a1e2d12db38a732519e6c59f269b8b1d7000a
run3,ext4,1000000,1,1,1,0,0,silent_corruption,0,0,0,1,1,15,8651264:8651776,MOUNTED,0,288,676ce8dab0a15d31737ec204c4d4f3299382a19d126024cbfaaae71ca1efce2d
run3,squashfs,1000,0,,,,,not_exercised,,,,,0,0,,MOUNTED,0,,
run3,squashfs,100000,0,,,,,not_exercised,,,,,0,0,,MOUNTED,0,,
run3,squashfs,1000000,0,,,,,not_exercised,,,,,0,0,,MOUNTED,0,,
run3,ext3,1000,1,2,0,0,1,no_flip,0,0,0,0,2,29,"5771520:5771648,144256:144640",MOUNTED,0,288,676ce8dab0a15d31737ec204c4d4f3299382a19d126024cbfaaae71ca1efce2d
run3,ext3,100000,1,2,0,0,1,no_flip,0,0,0,0,2,29,"5771520:5771648,144256:144640",MOUNTED,0,288,676ce8dab0a15d31737ec204c4d4f3299382a19d126024cbfaaae71ca1efce2d
run3,ext3,1000000,1,2,2,0,0,silent_corruption,0,0,0,2,2,29,"5771520:5771648,144256:144640",MOUNTED,0,290,21b328cb70c387dbcd6145f85665c5faf3242d1f87d1fd538bc38903b5366fea
run3,btrfs,1000,1,1,0,0,1,no_flip,0,0,0,0,1,11,28672:29184,MOUNTED,0,290,21b328cb70c387dbcd6145f85665c5faf3242d1f87d1fd538bc38903b5366fea
run3,btrfs,100000,1,1,0,0,1,no_flip,0,0,0,0,1,11,28672:29184,MOUNTED,0,290,21b328cb70c387dbcd6145f85665c5faf3242d1f87d1fd538bc38903b5366fea
run3,btrfs,1000000,1,2,2,1,0,read_refused,0,0,0,0,1,11,28672:29184,MOUNTED,0,292,3c78ba42865a0af00f61007f5c7ce12867cc1fd6c8bc2ece3d3b3dbbe95bbaf7
run4,beamfs,1000,1,263,0,0,1,no_flip,0,0,0,0,2,31,"2052992:2053088,2053096:2053552",MOUNTED,0,0,8fcf0d211fa6ab1de19aef853a2ad76218e3ffb1a51bbe0cd73bf1c56f1f0add
run4,beamfs,100000,1,262,33,0,1,intact,10,0,0,0,2,31,"2052992:2053088,2053096:2053552",MOUNTED,0,33,e4290f81173a958bf0e4272c471a05c729ec863ed68bb0b92a1f50eec77ad0f2
run4,beamfs,1000000,1,262,262,0,1,intact,10,0,0,0,2,31,"2052992:2053088,2053096:2053552",MOUNTED,0,295,4dd8f087a15461606645466e85641217b1604104cb341f82538727c10e8fe9ad
run4,ext4,1000,1,1,0,0,1,no_flip,0,0,0,0,1,15,4456960:4457472,MOUNTED,0,295,4dd8f087a15461606645466e85641217b1604104cb341f82538727c10e8fe9ad
run4,ext4,100000,1,1,0,0,1,no_flip,0,0,0,0,1,15,4456960:4457472,MOUNTED,0,295,4dd8f087a15461606645466e85641217b1604104cb341f82538727c10e8fe9ad
run4,ext4,1000000,1,1,1,0,0,silent_corruption,0,0,0,1,1,15,4456960:4457472,MOUNTED,0,296,baf79349f0836f2c3c6c18ed17c344c5754f63186cd78bd8d8ddc94bac453a99
run4,squashfs,1000,0,,,,,not_exercised,,,,,0,0,,MOUNTED,0,,
run4,squashfs,100000,0,,,,,not_exercised,,,,,0,0,,MOUNTED,0,,
run4,squashfs,1000000,0,,,,,not_exercised,,,,,0,0,,MOUNTED,0,,
run4,ext3,1000,1,3,0,0,1,no_flip,0,0,0,0,2,31,"144256:144640,17830120:17830248",MOUNTED,0,296,baf79349f0836f2c3c6c18ed17c344c5754f63186cd78bd8d8ddc94bac453a99
run4,ext3,100000,1,2,0,0,1,no_flip,0,0,0,0,2,31,"144256:144640,17830120:17830248",MOUNTED,0,296,baf79349f0836f2c3c6c18ed17c344c5754f63186cd78bd8d8ddc94bac453a99
run4,ext3,1000000,1,2,2,0,0,silent_corruption,0,0,0,2,2,31,"144256:144640,17830120:17830248",MOUNTED,0,298,99127b8577ae24b56605c55303b70e705c89132321ef6abd7a27413241b33ed4
run4,btrfs,1000,1,1,0,0,1,no_flip,0,0,0,0,1,11,28672:29184,MOUNTED,0,298,99127b8577ae24b56605c55303b70e705c89132321ef6abd7a27413241b33ed4
run4,btrfs,100000,1,1,0,0,1,no_flip,0,0,0,0,1,11,28672:29184,MOUNTED,0,298,99127b8577ae24b56605c55303b70e705c89132321ef6abd7a27413241b33ed4
run4,btrfs,1000000,1,2,2,1,0,read_refused,0,0,0,0,1,11,28672:29184,MOUNTED,0,300,5f646cd14c962547f4ccf03dfb8503299d453f121c163f7fa0b193e32d2adf8e
