run,prob_ppm,k,k_ino,k_iblock,k_subblock,k_symbols,matched_seqs,how
run2,100000,0,10,5,13,1,0,ambigu
run2,100000,1,10,8,12,1,1,ambigu
run2,100000,2,10,9,8,1,2,ambigu
run2,100000,3,10,12,2,1,3,ambigu
run2,100000,4,10,16,0,1,4,ambigu
run2,100000,5,10,21,11,1,5,ambigu
run2,100000,6,10,23,11,1,6,ambigu
run2,100000,7,10,25,13,1,7,ambigu
run2,100000,8,10,26,5,1,9,resolu
run2,100000,9,10,26,8,1,8,resolu
run2,1000000,0,10,0,15,1,20,resolu
run2,1000000,1,10,1,0,1,21,resolu
run2,1000000,2,10,1,14,1,22,resolu
run2,1000000,3,10,1,13,1,23,resolu
run2,1000000,4,10,1,15,1,24,resolu
run2,1000000,5,10,2,4,1,25,resolu
run2,1000000,6,10,2,12,1,26,resolu
run2,1000000,7,10,2,10,1,27,resolu
run2,1000000,8,10,2,14,1,28,resolu
run2,1000000,9,10,3,10,1,29,resolu
run3,100000,0,10,1,9,1,0,ambigu
run3,100000,1,10,4,2,1,1,resolu
run3,100000,2,10,4,7,1,2,resolu
run3,100000,3,10,5,13,1,3,ambigu
run3,100000,4,10,6,7,1,4,ambigu
run3,100000,5,10,9,13,1,5,ambigu
run3,100000,6,10,10,10,1,6,ambigu
run3,100000,7,10,16,1,1,7,ambigu
run3,100000,8,10,17,0,1,8,ambigu
run3,100000,9,10,20,9,1,9,ambigu
run3,1000000,0,10,0,1,1,22,resolu
run3,1000000,1,10,1,2,1,24,resolu
run3,1000000,2,10,1,6,1,23,resolu
run3,1000000,3,10,1,0,1,26,resolu
run3,1000000,4,10,1,9,1,25,resolu
run3,1000000,5,10,2,15,2,27 28,resolu+resolu
run3,1000000,6,10,2,6,1,29,resolu
run3,1000000,7,10,2,14,1,30,resolu
run3,1000000,8,10,3,10,1,32,resolu
run3,1000000,9,10,3,11,1,31,resolu
run4,100000,0,10,4,11,1,0,ambigu
run4,100000,1,10,6,14,1,1,ambigu
run4,100000,2,10,6,8,1,2,ambigu
run4,100000,3,10,8,3,1,3,ambigu
run4,100000,4,10,9,0,1,4,ambigu
run4,100000,5,10,9,11,1,5,ambigu
run4,100000,6,10,12,10,1,6,ambigu
run4,100000,7,10,13,0,1,7,ambigu
run4,100000,8,10,15,6,1,8,ambigu
run4,100000,9,10,15,8,1,9,ambigu
run4,1000000,0,10,0,4,1,33,resolu
run4,1000000,1,10,1,1,1,35,resolu
run4,1000000,2,10,1,14,1,34,resolu
run4,1000000,3,10,1,12,1,37,resolu
run4,1000000,4,10,1,13,1,36,resolu
run4,1000000,5,10,2,8,1,38,resolu
run4,1000000,6,10,2,9,1,39,resolu
run4,1000000,7,10,2,12,1,40,resolu
run4,1000000,8,10,2,15,1,41,resolu
run4,1000000,9,10,3,0,1,42,resolu
