run,prob_ppm,iblock,codeword,symbols_hit,data_symbols_hit,parity_symbols_hit
run2,100000,26,5,1,1,0
run2,100000,26,8,1,1,0
run2,100000,42,1,1,1,0
run2,100000,42,7,1,1,0
run2,1000000,0,15,1,1,0
run2,1000000,1,0,1,1,0
run2,1000000,1,13,1,1,0
run2,1000000,1,14,1,1,0
run2,1000000,1,15,1,1,0
run2,1000000,2,4,1,1,0
run2,1000000,2,10,1,1,0
run2,1000000,2,12,1,1,0
run2,1000000,2,14,1,1,0
run2,1000000,3,10,2,2,0
run2,1000000,3,13,1,0,1
run2,1000000,3,15,1,1,0
run2,1000000,4,1,1,1,0
run2,1000000,4,2,1,1,0
run2,1000000,4,5,1,0,1
run2,1000000,4,9,1,1,0
run2,1000000,5,1,1,1,0
run2,1000000,5,2,1,1,0
run2,1000000,5,3,1,1,0
run2,1000000,5,8,1,1,0
run2,1000000,6,4,1,1,0
run2,1000000,6,8,2,2,0
run2,1000000,6,11,1,1,0
run2,1000000,7,0,1,1,0
run2,1000000,7,2,1,1,0
run2,1000000,7,9,1,0,1
run2,1000000,7,12,1,1,0
run2,1000000,8,1,1,1,0
run2,1000000,8,7,1,1,0
run2,1000000,8,9,1,1,0
run2,1000000,8,11,1,1,0
run2,1000000,9,0,1,1,0
run2,1000000,9,9,1,1,0
run2,1000000,9,15,2,2,0
run2,1000000,10,0,1,1,0
run2,1000000,10,2,1,1,0
run2,1000000,10,4,1,0,1
run2,1000000,10,7,1,1,0
run2,1000000,11,4,1,1,0
run2,1000000,11,7,2,2,0
run2,1000000,11,15,1,1,0
run2,1000000,12,2,1,1,0
run2,1000000,12,11,2,2,0
run2,1000000,12,15,1,1,0
run2,1000000,13,3,1,1,0
run2,1000000,13,6,2,2,0
run2,1000000,13,11,1,1,0
run2,1000000,14,5,1,1,0
run2,1000000,14,9,1,1,0
run2,1000000,15,0,1,0,1
run2,1000000,15,3,1,1,0
run2,1000000,15,4,1,1,0
run2,1000000,15,8,1,1,0
run2,1000000,16,2,1,1,0
run2,1000000,16,6,1,1,0
run2,1000000,16,10,1,1,0
run2,1000000,16,12,1,0,1
run2,1000000,17,10,2,2,0
run2,1000000,17,12,1,1,0
run2,1000000,17,13,1,1,0
run2,1000000,18,3,1,1,0
run2,1000000,18,9,1,1,0
run2,1000000,18,14,1,1,0
run2,1000000,18,15,1,1,0
run2,1000000,19,5,1,1,0
run2,1000000,19,14,1,1,0
run2,1000000,19,15,1,1,0
run2,1000000,20,2,1,1,0
run2,1000000,20,4,1,1,0
run2,1000000,20,5,1,1,0
run2,1000000,20,9,1,1,0
run2,1000000,21,3,1,1,0
run2,1000000,21,7,1,1,0
run2,1000000,21,13,2,2,0
run2,1000000,22,3,1,1,0
run2,1000000,22,7,1,1,0
run2,1000000,22,8,1,1,0
run2,1000000,22,14,1,1,0
run2,1000000,23,0,1,1,0
run2,1000000,23,5,1,1,0
run2,1000000,23,9,1,1,0
run2,1000000,23,14,1,1,0
run2,1000000,24,4,1,1,0
run2,1000000,24,12,1,1,0
run2,1000000,24,14,1,1,0
run2,1000000,24,15,1,1,0
run2,1000000,25,3,1,1,0
run2,1000000,25,11,1,1,0
run2,1000000,25,14,1,1,0
run2,1000000,25,15,1,1,0
run2,1000000,26,1,1,1,0
run2,1000000,26,4,1,1,0
run2,1000000,26,10,1,1,0
run2,1000000,26,14,1,1,0
run2,1000000,27,4,1,1,0
run2,1000000,27,6,1,1,0
run2,1000000,27,10,1,1,0
run2,1000000,27,11,1,1,0
run2,1000000,28,4,1,0,1
run2,1000000,28,11,1,1,0
run2,1000000,29,3,2,2,0
run2,1000000,29,7,2,2,0
run2,1000000,30,2,1,1,0
run2,1000000,30,3,1,1,0
run2,1000000,30,8,1,1,0
run2,1000000,30,15,1,1,0
run2,1000000,31,0,1,1,0
run2,1000000,31,5,1,1,0
run2,1000000,31,6,1,1,0
run2,1000000,31,15,1,1,0
run2,1000000,32,0,1,1,0
run2,1000000,32,3,1,1,0
run2,1000000,32,11,1,1,0
run2,1000000,32,12,1,1,0
run2,1000000,33,0,1,0,1
run2,1000000,33,5,1,1,0
run2,1000000,33,7,1,1,0
run2,1000000,33,12,1,1,0
run2,1000000,34,8,1,1,0
run2,1000000,34,10,1,1,0
run2,1000000,34,12,1,1,0
run2,1000000,34,13,1,1,0
run2,1000000,35,1,1,1,0
run2,1000000,35,2,1,1,0
run2,1000000,35,6,1,1,0
run2,1000000,35,15,1,1,0
run2,1000000,36,0,1,1,0
run2,1000000,36,7,1,1,0
run2,1000000,36,14,2,2,0
run2,1000000,37,0,1,1,0
run2,1000000,37,9,1,0,1
run2,1000000,37,11,1,1,0
run2,1000000,37,13,1,1,0
run2,1000000,38,0,1,1,0
run2,1000000,38,1,1,1,0
run2,1000000,38,10,1,1,0
run2,1000000,38,14,1,1,0
run2,1000000,39,0,1,1,0
run2,1000000,39,5,1,1,0
run2,1000000,39,12,1,1,0
run2,1000000,39,15,1,1,0
run2,1000000,40,3,1,1,0
run2,1000000,40,4,1,1,0
run2,1000000,40,5,1,1,0
run2,1000000,40,11,1,1,0
run2,1000000,41,2,1,1,0
run2,1000000,41,10,1,1,0
run2,1000000,41,12,1,1,0
run2,1000000,41,14,1,1,0
run2,1000000,42,3,1,1,0
run2,1000000,42,5,1,1,0
run2,1000000,43,3,2,1,1
run2,1000000,43,11,1,1,0
run2,1000000,43,15,1,1,0
run2,1000000,44,6,1,1,0
run2,1000000,44,8,2,1,1
run2,1000000,44,13,1,1,0
run2,1000000,45,9,2,1,1
run2,1000000,45,15,1,1,0
run2,1000000,46,3,1,1,0
run2,1000000,46,4,1,1,0
run2,1000000,46,6,1,1,0
run2,1000000,46,13,1,1,0
run2,1000000,47,2,1,1,0
run2,1000000,47,4,1,1,0
run2,1000000,47,5,1,1,0
run2,1000000,47,8,1,1,0
run2,1000000,48,8,1,1,0
run2,1000000,48,14,1,1,0
run2,1000000,48,15,2,2,0
run2,1000000,49,3,1,1,0
run2,1000000,49,7,1,1,0
run2,1000000,49,12,1,1,0
run2,1000000,49,13,1,1,0
run2,1000000,50,3,1,1,0
run2,1000000,50,9,1,1,0
run2,1000000,50,10,2,1,1
run2,1000000,51,0,1,1,0
run2,1000000,51,9,2,0,2
run2,1000000,51,11,1,1,0
run2,1000000,52,2,1,1,0
run2,1000000,52,4,2,2,0
run2,1000000,52,9,1,1,0
run2,1000000,53,4,2,1,1
run2,1000000,53,11,2,2,0
run2,1000000,54,1,1,1,0
run2,1000000,54,3,1,1,0
run2,1000000,54,5,1,1,0
run2,1000000,54,12,1,1,0
run2,1000000,55,0,1,1,0
run2,1000000,55,7,2,1,1
run2,1000000,55,15,1,1,0
run2,1000000,56,12,1,1,0
run2,1000000,56,15,1,1,0
run2,1000000,57,3,1,1,0
run2,1000000,57,6,1,1,0
run2,1000000,57,11,1,1,0
run2,1000000,57,15,1,1,0
run2,1000000,58,1,1,1,0
run2,1000000,58,9,1,0,1
run2,1000000,58,11,1,1,0
run2,1000000,58,14,1,0,1
run2,1000000,59,1,1,0,1
run2,1000000,59,4,1,1,0
run2,1000000,59,12,1,1,0
run2,1000000,59,13,1,1,0
run2,1000000,60,1,1,1,0
run2,1000000,60,2,1,1,0
run2,1000000,60,6,1,1,0
run2,1000000,60,9,1,1,0
run2,1000000,61,1,1,1,0
run2,1000000,61,3,1,1,0
run2,1000000,61,4,1,1,0
run2,1000000,61,12,1,1,0
run2,1000000,62,8,1,1,0
run2,1000000,62,12,1,1,0
run2,1000000,62,14,1,1,0
run2,1000000,62,15,1,1,0
run2,1000000,63,1,1,1,0
run2,1000000,63,4,1,0,1
run2,1000000,63,9,1,1,0
run2,1000000,63,12,1,1,0
run2,1000000,64,2,1,1,0
run2,1000000,64,4,2,2,0
run2,1000000,64,12,1,1,0
run2,1000000,65,3,1,1,0
run2,1000000,65,8,1,0,1
run2,1000000,65,10,1,1,0
run2,1000000,65,14,1,1,0
run2,1000000,66,1,1,1,0
run2,1000000,66,5,1,1,0
run2,1000000,66,7,1,1,0
run2,1000000,66,8,1,1,0
run2,1000000,67,2,1,1,0
run2,1000000,67,8,1,1,0
run2,1000000,67,12,1,1,0
run2,1000000,67,14,1,0,1
run2,1000000,68,1,1,1,0
run2,1000000,68,12,1,1,0
run3,100000,4,2,1,1,0
run3,100000,4,7,1,1,0
run3,1000000,0,1,1,1,0
run3,1000000,1,0,1,1,0
run3,1000000,1,2,1,1,0
run3,1000000,1,6,1,1,0
run3,1000000,1,9,1,1,0
run3,1000000,2,6,1,1,0
run3,1000000,2,14,1,1,0
run3,1000000,2,15,2,1,1
run3,1000000,3,1,1,1,0
run3,1000000,3,4,1,1,0
run3,1000000,3,10,1,1,0
run3,1000000,3,11,1,1,0
run3,1000000,4,8,1,1,0
run3,1000000,4,9,1,1,0
run3,1000000,4,14,2,2,0
run3,1000000,5,1,1,1,0
run3,1000000,5,7,1,1,0
run3,1000000,5,8,1,1,0
run3,1000000,5,11,1,1,0
run3,1000000,6,5,1,1,0
run3,1000000,6,6,1,1,0
run3,1000000,6,12,1,1,0
run3,1000000,6,13,1,1,0
run3,1000000,7,2,1,1,0
run3,1000000,7,4,1,1,0
run3,1000000,7,9,1,1,0
run3,1000000,7,13,1,1,0
run3,1000000,8,6,1,1,0
run3,1000000,8,8,1,1,0
run3,1000000,8,14,1,1,0
run3,1000000,8,15,1,1,0
run3,1000000,9,4,1,1,0
run3,1000000,9,5,1,0,1
run3,1000000,9,10,1,1,0
run3,1000000,9,13,1,1,0
run3,1000000,10,3,1,1,0
run3,1000000,10,6,1,1,0
run3,1000000,10,11,1,1,0
run3,1000000,10,14,1,1,0
run3,1000000,11,0,1,1,0
run3,1000000,11,1,1,1,0
run3,1000000,11,3,1,1,0
run3,1000000,11,7,1,1,0
run3,1000000,12,1,2,2,0
run3,1000000,12,10,1,1,0
run3,1000000,12,15,1,1,0
run3,1000000,13,12,2,2,0
run3,1000000,13,13,1,0,1
run3,1000000,13,15,1,1,0
run3,1000000,14,1,1,1,0
run3,1000000,14,3,1,1,0
run3,1000000,15,6,2,2,0
run3,1000000,15,9,1,1,0
run3,1000000,15,10,1,1,0
run3,1000000,16,3,1,1,0
run3,1000000,16,8,1,1,0
run3,1000000,16,9,1,1,0
run3,1000000,16,14,1,1,0
run3,1000000,17,3,1,1,0
run3,1000000,17,5,1,1,0
run3,1000000,17,8,1,1,0
run3,1000000,17,13,1,1,0
run3,1000000,18,3,1,1,0
run3,1000000,18,5,1,1,0
run3,1000000,18,9,2,1,1
run3,1000000,19,7,1,0,1
run3,1000000,19,13,2,2,0
run3,1000000,19,14,1,1,0
run3,1000000,20,4,1,1,0
run3,1000000,20,5,1,1,0
run3,1000000,20,7,1,1,0
run3,1000000,20,12,1,1,0
run3,1000000,21,1,1,1,0
run3,1000000,21,2,1,1,0
run3,1000000,21,8,2,2,0
run3,1000000,22,2,1,1,0
run3,1000000,22,7,1,1,0
run3,1000000,22,11,1,1,0
run3,1000000,22,12,1,1,0
run3,1000000,23,5,1,1,0
run3,1000000,23,6,1,1,0
run3,1000000,23,12,2,2,0
run3,1000000,24,5,1,1,0
run3,1000000,24,10,1,1,0
run3,1000000,24,11,1,1,0
run3,1000000,24,12,1,1,0
run3,1000000,25,1,1,1,0
run3,1000000,25,4,1,1,0
run3,1000000,25,5,1,1,0
run3,1000000,25,13,1,1,0
run3,1000000,26,6,1,1,0
run3,1000000,26,8,1,1,0
run3,1000000,26,9,1,1,0
run3,1000000,26,11,1,1,0
run3,1000000,27,1,1,1,0
run3,1000000,27,4,1,1,0
run3,1000000,27,6,1,1,0
run3,1000000,27,15,1,1,0
run3,1000000,28,3,1,1,0
run3,1000000,28,6,1,0,1
run3,1000000,29,6,1,1,0
run3,1000000,29,9,2,2,0
run3,1000000,29,11,1,1,0
run3,1000000,30,2,1,0,1
run3,1000000,30,4,1,1,0
run3,1000000,30,5,1,1,0
run3,1000000,30,10,1,1,0
run3,1000000,31,5,1,1,0
run3,1000000,31,7,1,1,0
run3,1000000,31,13,1,1,0
run3,1000000,31,14,1,1,0
run3,1000000,32,4,1,1,0
run3,1000000,32,6,1,1,0
run3,1000000,32,7,1,1,0
run3,1000000,32,9,1,1,0
run3,1000000,33,2,1,1,0
run3,1000000,33,3,1,1,0
run3,1000000,33,4,1,1,0
run3,1000000,33,15,1,1,0
run3,1000000,34,2,1,1,0
run3,1000000,34,5,1,1,0
run3,1000000,34,6,1,1,0
run3,1000000,35,4,1,1,0
run3,1000000,35,5,1,1,0
run3,1000000,35,6,1,1,0
run3,1000000,35,14,1,0,1
run3,1000000,36,6,1,1,0
run3,1000000,36,11,1,1,0
run3,1000000,36,12,1,1,0
run3,1000000,36,14,1,1,0
run3,1000000,37,6,1,1,0
run3,1000000,37,8,1,1,0
run3,1000000,37,9,1,1,0
run3,1000000,37,12,1,0,1
run3,1000000,38,0,2,1,1
run3,1000000,38,1,1,1,0
run3,1000000,38,5,1,1,0
run3,1000000,39,5,1,1,0
run3,1000000,39,8,1,1,0
run3,1000000,39,13,1,1,0
run3,1000000,39,15,1,1,0
run3,1000000,40,9,1,1,0
run3,1000000,40,10,1,1,0
run3,1000000,40,12,1,1,0
run3,1000000,40,13,1,1,0
run3,1000000,41,7,3,3,0
run3,1000000,41,11,1,0,1
run3,1000000,42,1,1,1,0
run3,1000000,42,6,1,1,0
run3,1000000,43,0,1,1,0
run3,1000000,43,2,1,1,0
run3,1000000,43,4,1,1,0
run3,1000000,43,8,1,1,0
run3,1000000,44,0,1,1,0
run3,1000000,44,5,1,1,0
run3,1000000,44,9,1,0,1
run3,1000000,44,10,1,1,0
run3,1000000,45,5,2,2,0
run3,1000000,45,14,1,1,0
run3,1000000,46,2,2,2,0
run3,1000000,46,3,1,1,0
run3,1000000,46,11,1,1,0
run3,1000000,47,2,1,1,0
run3,1000000,47,4,1,1,0
run3,1000000,47,9,1,1,0
run3,1000000,47,14,1,1,0
run3,1000000,48,0,1,1,0
run3,1000000,48,3,1,1,0
run3,1000000,48,6,1,1,0
run3,1000000,48,10,1,1,0
run3,1000000,49,4,1,1,0
run3,1000000,49,11,1,1,0
run3,1000000,49,12,1,1,0
run3,1000000,49,15,1,0,1
run3,1000000,50,0,1,1,0
run3,1000000,50,11,1,1,0
run3,1000000,50,12,1,1,0
run3,1000000,50,14,1,1,0
run3,1000000,51,0,1,1,0
run3,1000000,51,1,1,1,0
run3,1000000,51,3,2,2,0
run3,1000000,52,2,1,1,0
run3,1000000,52,11,2,2,0
run3,1000000,52,14,1,1,0
run3,1000000,53,1,1,1,0
run3,1000000,53,3,1,1,0
run3,1000000,53,9,1,1,0
run3,1000000,53,14,1,1,0
run3,1000000,54,1,1,1,0
run3,1000000,54,4,1,1,0
run3,1000000,54,7,1,1,0
run3,1000000,54,14,1,1,0
run3,1000000,55,2,1,1,0
run3,1000000,55,11,1,1,0
run3,1000000,55,15,2,2,0
run3,1000000,56,0,1,1,0
run3,1000000,56,15,1,1,0
run3,1000000,57,0,1,1,0
run3,1000000,57,5,1,1,0
run3,1000000,57,14,1,1,0
run3,1000000,57,15,1,1,0
run3,1000000,58,1,1,1,0
run3,1000000,58,3,1,1,0
run3,1000000,58,6,1,1,0
run3,1000000,58,7,1,1,0
run3,1000000,59,1,2,1,1
run3,1000000,59,5,2,2,0
run3,1000000,60,3,1,1,0
run3,1000000,60,5,1,1,0
run3,1000000,60,7,1,1,0
run3,1000000,60,14,1,1,0
run3,1000000,61,4,1,1,0
run3,1000000,61,7,2,2,0
run3,1000000,61,15,1,1,0
run3,1000000,62,6,1,1,0
run3,1000000,62,9,1,1,0
run3,1000000,62,12,1,1,0
run3,1000000,62,15,1,1,0
run3,1000000,63,1,1,1,0
run3,1000000,63,2,1,1,0
run3,1000000,63,4,2,2,0
run3,1000000,64,0,1,1,0
run3,1000000,64,3,1,1,0
run3,1000000,64,13,1,1,0
run3,1000000,64,15,1,1,0
run3,1000000,65,8,1,1,0
run3,1000000,65,10,1,1,0
run3,1000000,65,11,1,1,0
run3,1000000,65,15,1,1,0
run3,1000000,66,6,1,1,0
run3,1000000,66,11,1,1,0
run3,1000000,66,12,2,2,0
run3,1000000,67,3,1,1,0
run3,1000000,67,5,1,1,0
run3,1000000,67,6,1,1,0
run3,1000000,67,8,1,1,0
run3,1000000,68,6,1,1,0
run3,1000000,68,9,1,1,0
run4,1000000,0,4,1,1,0
run4,1000000,1,1,1,1,0
run4,1000000,1,12,1,1,0
run4,1000000,1,13,1,1,0
run4,1000000,1,14,1,1,0
run4,1000000,2,8,1,1,0
run4,1000000,2,9,1,1,0
run4,1000000,2,12,1,1,0
run4,1000000,2,15,1,1,0
run4,1000000,3,0,2,2,0
run4,1000000,3,7,1,1,0
run4,1000000,3,13,1,0,1
run4,1000000,4,1,1,1,0
run4,1000000,4,10,1,1,0
run4,1000000,4,12,2,2,0
run4,1000000,5,3,1,1,0
run4,1000000,5,4,1,1,0
run4,1000000,5,5,1,1,0
run4,1000000,5,6,1,1,0
run4,1000000,6,0,1,1,0
run4,1000000,6,2,1,1,0
run4,1000000,6,6,1,1,0
run4,1000000,6,8,1,0,1
run4,1000000,7,4,2,2,0
run4,1000000,7,9,1,1,0
run4,1000000,7,14,1,1,0
run4,1000000,8,1,1,1,0
run4,1000000,8,10,1,1,0
run4,1000000,8,11,1,1,0
run4,1000000,8,15,1,1,0
run4,1000000,9,6,1,1,0
run4,1000000,9,10,1,1,0
run4,1000000,9,13,1,1,0
run4,1000000,9,14,1,1,0
run4,1000000,10,0,1,1,0
run4,1000000,10,6,1,1,0
run4,1000000,10,8,1,1,0
run4,1000000,10,9,1,1,0
run4,1000000,11,2,1,1,0
run4,1000000,11,5,2,2,0
run4,1000000,11,8,1,1,0
run4,1000000,12,0,1,1,0
run4,1000000,12,14,1,1,0
run4,1000000,13,8,1,1,0
run4,1000000,13,9,1,1,0
run4,1000000,13,14,2,2,0
run4,1000000,14,0,1,1,0
run4,1000000,14,5,1,1,0
run4,1000000,15,0,1,1,0
run4,1000000,15,15,3,3,0
run4,1000000,16,6,1,1,0
run4,1000000,16,7,1,1,0
run4,1000000,16,12,1,1,0
run4,1000000,16,15,1,1,0
run4,1000000,17,2,1,1,0
run4,1000000,17,10,2,2,0
run4,1000000,17,11,1,1,0
run4,1000000,18,1,1,1,0
run4,1000000,18,9,1,1,0
run4,1000000,18,13,2,2,0
run4,1000000,19,1,2,2,0
run4,1000000,19,5,1,1,0
run4,1000000,19,13,1,1,0
run4,1000000,20,6,2,2,0
run4,1000000,20,7,1,1,0
run4,1000000,20,14,1,1,0
run4,1000000,21,6,2,2,0
run4,1000000,21,10,1,1,0
run4,1000000,21,12,1,1,0
run4,1000000,22,0,1,1,0
run4,1000000,22,2,1,1,0
run4,1000000,22,5,1,1,0
run4,1000000,22,7,1,1,0
run4,1000000,23,0,1,1,0
run4,1000000,23,9,2,2,0
run4,1000000,23,13,1,1,0
run4,1000000,24,7,1,1,0
run4,1000000,24,9,1,1,0
run4,1000000,24,11,1,1,0
run4,1000000,24,12,1,1,0
run4,1000000,25,4,1,1,0
run4,1000000,25,12,1,1,0
run4,1000000,25,14,2,2,0
run4,1000000,26,3,1,1,0
run4,1000000,26,8,1,1,0
run4,1000000,26,13,2,2,0
run4,1000000,27,1,1,1,0
run4,1000000,27,6,1,1,0
run4,1000000,27,13,1,1,0
run4,1000000,27,14,1,1,0
run4,1000000,28,0,1,1,0
run4,1000000,28,5,1,1,0
run4,1000000,29,0,1,1,0
run4,1000000,29,6,1,1,0
run4,1000000,29,9,1,1,0
run4,1000000,29,13,1,1,0
run4,1000000,30,2,1,1,0
run4,1000000,30,8,1,1,0
run4,1000000,30,9,1,1,0
run4,1000000,30,10,1,1,0
run4,1000000,31,4,1,1,0
run4,1000000,31,8,1,1,0
run4,1000000,31,10,1,1,0
run4,1000000,31,12,1,1,0
run4,1000000,32,5,1,1,0
run4,1000000,32,12,1,1,0
run4,1000000,32,14,1,1,0
run4,1000000,32,15,1,1,0
run4,1000000,33,4,2,2,0
run4,1000000,33,11,1,1,0
run4,1000000,33,14,1,0,1
run4,1000000,34,1,1,1,0
run4,1000000,34,12,3,3,0
run4,1000000,35,2,2,2,0
run4,1000000,35,5,1,1,0
run4,1000000,35,12,1,1,0
run4,1000000,36,5,2,2,0
run4,1000000,36,8,1,1,0
run4,1000000,36,14,1,0,1
run4,1000000,37,4,1,1,0
run4,1000000,37,10,2,2,0
run4,1000000,37,14,1,1,0
run4,1000000,38,0,1,1,0
run4,1000000,38,3,1,1,0
run4,1000000,38,6,1,1,0
run4,1000000,38,8,1,1,0
run4,1000000,39,5,1,1,0
run4,1000000,39,7,1,1,0
run4,1000000,39,9,1,1,0
run4,1000000,39,14,1,1,0
run4,1000000,40,4,1,1,0
run4,1000000,40,8,1,1,0
run4,1000000,40,10,1,1,0
run4,1000000,40,12,1,1,0
run4,1000000,41,5,1,1,0
run4,1000000,41,6,1,1,0
run4,1000000,41,7,1,1,0
run4,1000000,41,13,1,1,0
run4,1000000,42,2,1,1,0
run4,1000000,42,7,1,1,0
run4,1000000,43,3,1,1,0
run4,1000000,43,5,1,1,0
run4,1000000,43,10,1,1,0
run4,1000000,43,11,1,1,0
run4,1000000,44,10,1,1,0
run4,1000000,44,11,1,1,0
run4,1000000,44,13,1,1,0
run4,1000000,44,14,1,1,0
run4,1000000,45,5,1,1,0
run4,1000000,45,6,2,2,0
run4,1000000,45,11,1,1,0
run4,1000000,46,0,1,1,0
run4,1000000,46,6,1,1,0
run4,1000000,46,9,1,1,0
run4,1000000,46,10,1,1,0
run4,1000000,47,7,1,1,0
run4,1000000,47,11,1,1,0
run4,1000000,47,13,1,1,0
run4,1000000,47,14,1,1,0
run4,1000000,48,3,1,1,0
run4,1000000,48,7,2,2,0
run4,1000000,48,10,1,1,0
run4,1000000,49,10,1,1,0
run4,1000000,49,11,1,1,0
run4,1000000,49,13,1,1,0
run4,1000000,50,0,1,1,0
run4,1000000,50,1,1,1,0
run4,1000000,50,5,2,2,0
run4,1000000,51,12,1,1,0
run4,1000000,51,14,2,2,0
run4,1000000,51,15,1,1,0
run4,1000000,52,9,2,2,0
run4,1000000,52,10,1,1,0
run4,1000000,52,12,1,1,0
run4,1000000,53,3,1,1,0
run4,1000000,53,7,1,1,0
run4,1000000,53,11,1,1,0
run4,1000000,53,13,1,1,0
run4,1000000,54,5,1,1,0
run4,1000000,54,7,2,1,1
run4,1000000,54,13,1,1,0
run4,1000000,55,0,1,1,0
run4,1000000,55,2,1,1,0
run4,1000000,55,9,1,1,0
run4,1000000,55,12,1,1,0
run4,1000000,56,7,1,1,0
run4,1000000,56,10,1,1,0
run4,1000000,57,0,1,1,0
run4,1000000,57,5,1,0,1
run4,1000000,57,8,2,2,0
run4,1000000,58,2,1,1,0
run4,1000000,58,6,1,0,1
run4,1000000,58,7,1,0,1
run4,1000000,58,12,1,1,0
run4,1000000,59,4,1,1,0
run4,1000000,59,6,1,1,0
run4,1000000,59,7,1,1,0
run4,1000000,59,14,1,1,0
run4,1000000,60,2,1,1,0
run4,1000000,60,7,1,1,0
run4,1000000,60,8,1,1,0
run4,1000000,60,11,1,1,0
run4,1000000,61,5,1,1,0
run4,1000000,61,9,1,1,0
run4,1000000,61,11,1,1,0
run4,1000000,61,15,1,1,0
run4,1000000,62,5,2,2,0
run4,1000000,62,9,1,1,0
run4,1000000,62,15,1,1,0
run4,1000000,63,2,1,1,0
run4,1000000,63,10,1,1,0
run4,1000000,63,12,2,1,1
run4,1000000,64,0,2,2,0
run4,1000000,64,7,1,1,0
run4,1000000,64,11,1,1,0
run4,1000000,65,2,2,2,0
run4,1000000,65,8,1,1,0
run4,1000000,65,11,1,1,0
run4,1000000,66,0,1,1,0
run4,1000000,66,2,1,1,0
run4,1000000,66,3,1,1,0
run4,1000000,66,12,1,1,0
run4,1000000,67,4,2,2,0
run4,1000000,67,13,1,1,0
run4,1000000,67,14,1,1,0
run4,1000000,68,0,1,1,0
run4,1000000,68,11,1,0,1
